x1,x2,x3,x4,x5,x6,y
B,Y,47.702618529253876,90.17373155270579,34.54611808558233,9.614783111609169,1
A,Z,78.94699114624403,55.12839721048554,40.09938568727516,3.7223437345166768,1
D,Z,80.1228998127213,137.92316503079763,34.84630721980688,5.079484969266671,1
A,Y,15.824930881160618,93.7997504005224,9.861369650629136,9.5126069566676,1
A,X,69.78977581681019,135.25595328279607,12.647477737039939,9.37233902662082,0
C,Z,42.6230950511307,122.19537854520549,24.678811987725876,3.635422194170808,0
C,Y,68.5693183071481,63.455355152208504,46.233041889476844,9.1193321291009,1
C,Z,88.97755400003221,146.30443149192112,43.07083203293428,8.319141907833744,1
B,X,56.113586850487884,132.2001218609559,30.57958012043162,8.966431717404262,1
C,Y,28.544645324648062,106.98867526551648,6.488888347704194,7.4915771210756015,0
A,Y,74.4667868212529,130.90059755373335,41.882725345661825,7.7123318085756285,0
C,Y,27.12456049679238,133.4753608432724,32.019179883456545,5.2856009000277355,0
A,X,41.91851966902996,70.0213225570678,41.052255290628665,3.3279355141451843,1
A,Z,79.17989391185499,54.15876530164768,40.931040606496936,6.8831847333614995,1
A,X,47.12431607412289,78.37779884877533,32.15737537441498,9.030056764028684,0
A,Z,76.27224516357509,117.30867061886975,5.76425671723962,8.71318204774355,0
C,X,22.778746489455628,79.08855149110707,6.766834850054411,8.604913871752842,1
B,X,22.11885910153938,131.83279007528918,45.712665670599144,2.3275198264609385,1
B,Y,28.57913836011017,144.92860023189428,47.95322489247303,9.683663175359918,0
D,Z,94.87317042357068,91.19721707406654,12.577155247681223,4.921565537148391,1
B,Z,84.72857559270751,57.447257202929926,6.8262338476409035,7.864989474244544,0
D,X,71.20667282921494,94.20847554460391,13.808087645634759,9.749429904097461,1
D,Y,71.01398763781324,109.8084290423498,22.88901040354922,2.42946252240973,1
A,X,70.04211734866152,52.77792007844951,27.721520183180818,8.353222859754787,1
A,Z,92.05788437283422,53.85068584808138,42.312336546697225,5.629614371237299,0
B,X,92.7540310876447,123.29940428069685,8.993879587753987,9.280049217302734,0
C,X,77.33701536344327,109.38266790586812,48.06544588338455,8.787447818227667,1
D,X,47.67480250735921,84.03635807064487,21.55318184528028,6.079580438219278,0
D,Y,11.515200750348107,51.14959884866984,49.53978898108483,1.6288826177665157,0
D,X,95.56702779582656,129.5398319738888,18.8972669317967,3.651367813288139,0
C,Y,16.30444567920622,131.02892134155127,13.745693859164302,9.415939453376465,1
A,X,92.09949401281288,94.72181123445714,24.095276449375177,3.4095933824150815,1
D,X,74.49409973160729,140.5488173619506,41.67871538235649,1.845220419241687,1
C,Y,70.22545383307201,141.225962621225,23.613026903270445,4.637045859841976,0
A,Y,91.93213888181528,71.68645486029763,43.44046085126202,5.57061922476834,1
B,Z,55.83328783268144,147.00702998033964,23.257182535926265,9.67947395545851,1
D,X,11.424318831590025,111.98123111094513,17.899061370431426,7.590903617646891,1
D,Y,51.07271337069828,107.60244325639601,29.562752095714576,3.6856687072138032,0
A,Y,17.14379620905902,67.53604980078597,35.495743776637724,2.438471211754592,1
A,Z,23.62604144782206,53.91438278931355,9.67118512382536,5.470625173508841,0
B,X,20.966628964284503,102.54548101785215,44.82357086110508,2.744098642398109,1
B,X,86.36931816506342,149.63879227061375,5.509943243265692,9.927081058524454,1
C,Z,84.1133691120184,122.10024299722023,9.517529956382837,4.757295546609127,0
B,Y,14.837286462960057,91.36329940845407,32.05140731769395,6.010276871841423,1
D,Y,48.16314037492338,142.28482038400531,41.47091646217616,6.517844483459748,1
D,Z,84.32633034336669,110.66384848241357,17.60683754913437,3.537984471497606,0
D,Z,35.58813588693209,64.44278870146775,24.407498146043796,6.403462719799482,0
B,Z,99.58955251777736,89.45432813844047,35.66051031210095,9.79435946215115,1
B,Z,79.73693067152753,141.64692974506454,35.74465185570753,1.2610297526122092,1
C,Z,92.82096849185342,82.76075670564755,28.57029544436355,2.238682679018271,0
D,Y,23.79788926584572,58.41861475988623,13.606689320333048,8.652222338817804,1
D,Y,21.989841485589213,99.66360016930862,39.800517993228986,8.823157179155647,1
C,X,53.2514512752589,105.57329588952732,40.88361135506355,8.447546411942426,1
A,Z,68.93548497598944,123.94456406176954,37.65405320872472,7.741634628629155,0
C,Y,24.52193747517947,102.59365974144995,49.85207116552499,5.758021662054514,0
C,Z,36.82828736120162,69.59756398641271,48.704632035218545,4.342254474750191,0
D,X,78.15825628278304,67.15518917660009,25.98955212165959,1.3674865042671214,0
C,Z,34.57281585386385,74.9048222459669,39.158120630744186,6.998894670652378,0
A,Z,12.785566330890674,103.22149358357201,49.93020250293592,4.31148602219496,1
A,Y,90.26865696633628,88.93284255249394,31.069205611878374,5.850250641438062,0
D,X,17.855536174598182,119.96346270121721,31.686585444871383,3.786800216709094,1
B,Z,91.42214299049081,120.88615334722222,48.00677463219843,5.782143900065287,0
C,X,20.20833347768041,146.2783100035077,20.86735802607425,4.727608141656067,1
C,Y,37.231016511385675,112.57637504245088,17.687783902696154,5.9005956559305766,0
D,X,82.73491262452474,74.8863260642658,47.71639495398043,3.049053936587894,1
B,Y,92.61149643976171,106.49957858043352,35.17616607715259,8.789514107171758,0
A,Y,51.199990867226596,131.0663190783605,16.09147118655922,8.737536124608305,0
D,Y,50.27501702172617,102.49468056641972,20.542095190708267,6.09574304047497,1
B,Y,73.96297119731685,97.71932770509929,10.220873035605223,9.090129392026476,1
B,Y,84.7804163143146,145.584802614468,10.368138573114479,8.504377985896735,0
D,X,45.57705828247804,138.41698150635193,24.39725564153667,1.3424521733207935,1
D,Y,16.802923265932606,135.9741129223449,37.60717871547206,1.2882246646603337,0
A,Z,79.72043272181278,148.41761271616184,23.095567109259797,9.733102282352098,1
C,X,22.55653851149369,107.38577942617438,34.457110450198186,5.449426142825329,0
D,Y,47.028901044337914,135.86010639783407,23.927785860399737,1.2789570293807964,0
C,Z,72.97931603397214,96.94567243909148,23.506577742142216,7.971153814387901,1
C,X,81.3074990625888,92.49274858586787,37.45326831020728,7.125615478335889,0
B,Y,17.65208446449227,148.3674513280891,13.668498312095453,6.845098804204725,1
B,Y,25.537793135206158,129.48372140175144,19.078556184393314,3.7153190426163394,1
B,Z,89.11984720110827,149.93352478322024,10.731032799722827,2.830915169357777,0
D,Z,98.54475610294098,51.33550370590228,29.619482790470194,7.339415354359845,1
A,Y,13.538106246812085,129.0117029124721,45.11371184780295,5.642708905233768,1
D,Y,52.39570094394258,76.0751302169105,18.327814554827057,2.9069384445231714,1
D,Z,80.75028027666578,115.18636508142522,38.539353622814474,9.419859772160665,1
D,Z,43.756879725134496,123.77890183922166,5.111402380729205,4.805509917754186,0
C,Y,29.347812424919358,58.15817751832783,11.18433167754365,5.387035239749618,1
B,Z,90.9426503438069,99.8294401814139,25.717286915162134,9.800590451871551,0
B,Y,83.97131231499377,64.95434980337484,29.222997687440984,6.907296241386656,0
A,Z,67.4483553010877,123.07468019777194,42.69059700640852,5.034454700090581,1
A,Z,45.629781451444515,117.69628776029313,38.18242776123388,8.379401010652689,0
C,Y,74.84923128654506,111.71071518066809,38.24229914481946,1.9201823456589902,1
C,X,33.52776315061537,96.34914966498934,25.783833309931804,8.644402456260321,1
D,X,84.62844883899358,71.90514618653701,26.96375262098181,6.165639479912417,1
A,X,59.46876739363687,52.103897478470614,16.484113133077695,6.390341270288752,1
D,Z,28.54166605259809,117.00397964039944,40.031186928535476,9.374480313561767,1
B,Z,62.24193660493327,128.43556483832333,24.968173903007823,7.202691936357143,0
D,Y,64.81721289039653,86.39340662933358,44.97817717796117,7.373674041527379,1
A,Y,86.43658548508688,124.24871761904606,43.0017164161883,4.526117172319484,1
B,Z,36.925919093538155,145.3457953099126,25.65646447253557,1.6631494798067334,0
C,Y,72.92804457417935,77.5294360530652,49.81853405837931,8.192382158021637,0
D,Y,81.07621330116665,96.56198250893807,31.426211653350247,8.761681740877037,0
C,Y,69.75943314668257,103.4446902028075,12.188283267294588,2.111381456483916,0
A,X,66.98324513046529,83.78895114279024,35.80551307005136,4.044416840125471,0
A,Z,25.00766641824614,105.69330620460369,41.411314803687475,4.6253683991962085,1
C,Z,31.04461210429865,130.58897364817284,12.781667983027686,8.724132438604537,0
C,Z,50.13659836387344,134.80826824111068,17.95401283460625,7.485052689088592,1
D,Y,65.63639775225647,56.94167419712397,30.839751520232067,5.336307692059689,0
A,X,99.7186997380791,76.38936657046965,36.76860672501166,2.728170494534658,1
B,Y,96.91969559345232,87.15613141401266,18.04027910971535,2.1588470355185865,1
C,X,78.18654650901084,136.19310206186753,14.594796185179987,5.181996671014974,1
A,X,10.65676136973438,57.10304252816061,23.15818770363061,7.9363543668957846,0
A,Z,85.75821731449972,85.34165849548674,30.01957102823893,1.6090694468089684,0
C,X,11.032408880661615,50.645546515168064,31.29955012237872,7.012463638356903,0
B,Z,43.98483213010342,99.04780764699673,47.88726824008814,6.287163644234284,1
D,Z,12.735650023545972,51.54106328815627,46.15312322346954,1.0615052873271122,1
A,X,48.75862259550716,80.17262605386838,12.56434492679382,3.5114982547924463,1
A,Z,83.36708228042524,51.0930448305825,31.779730170344433,4.138664294730802,0
B,Z,59.84790579885542,65.56455194399327,38.93707759130135,3.3794290287119537,0
B,Z,72.04317745041695,68.15416022466015,19.7905704191617,1.34339619806084,1
C,Y,97.27874252593507,50.610782494194574,15.844888827820988,2.197020450835708,0
D,Y,86.49318444676425,120.77993887975842,11.449260589088397,5.843526055482027,0
C,X,51.995507064280574,88.69563355866336,39.55527413264314,3.1831016674681587,1
B,X,65.70895465669156,50.30320824522413,6.272967661078775,7.701223636718758,1
C,Z,82.33556516628411,80.72949952941656,24.281818942026955,4.273507298381192,1
B,Y,66.20192534798238,84.12991943629697,45.16603947548803,5.726491758201367,0
A,X,99.96455834499447,60.15884702819765,25.934678872104982,9.538601043194392,1
A,X,94.4860640413935,83.08907405204201,28.570720143699205,5.642837071081316,0
D,Z,10.627247365499375,110.66601972585504,45.44088244225601,8.516501137722482,0
D,Y,64.72816356513583,51.67895772508092,25.254772426990208,8.453210368267674,0
A,Y,96.59476407165316,145.15429378526738,15.080941634226477,5.492368997946476,0
D,Y,95.36830904993089,100.953756087003,14.661822537814732,3.5194129774179403,1
C,Y,79.36453408920693,79.82154485071752,5.688051530918463,1.0092784691104408,0
A,Z,18.720816466334323,129.23202679399304,40.32559250052284,8.364445263097105,0
A,X,35.86463250951726,85.02896981405497,34.95206181200906,6.262538561646285,0
B,Z,88.43970172316463,106.34775598997675,40.936148935144,2.5670676931924024,0
B,Z,98.02097717690057,56.6320860420701,45.30039030869059,9.47049140420667,0
C,X,39.24963772830239,65.92358979967766,26.546680954926618,2.180005501657798,0
B,X,61.67905421999131,74.63766493271719,10.331020267365908,7.584942273592526,0
A,Y,42.56754453178608,93.34564665028174,29.792108133728078,8.178614218255913,0
D,Z,70.36160407941446,64.53936562457959,6.441389417415352,4.487618603231612,1
C,X,43.3514361519645,70.32159119812279,20.1161355020824,9.201958329897753,0
D,X,95.05578586096475,57.469456653615055,25.42560007571895,9.215499278501309,1
B,Y,34.12437588871019,99.75392525426773,16.748845041956642,1.0322051832441161,1
B,Y,30.8861306084015,74.96333012423655,44.74456417627494,8.917340468861362,0
B,Z,72.02228101078107,130.10442561552412,19.778479528695918,7.035810074311529,0
D,Z,23.31232066117625,69.51375115476831,32.218455438787956,2.283844319125545,1
B,X,28.146861310886056,66.31566895338094,31.76030614776773,6.20489132890379,0
A,X,63.92929732494736,146.54760264827354,37.388835262948554,2.1183881999060477,1
A,Z,80.54626414717185,129.3186031023181,12.80575847451966,1.9823791415840826,0
C,Y,91.50200770624588,86.90997479262464,41.69006882408027,4.322216093461002,0
D,Z,70.64620896346125,124.1797018288617,9.324157335769932,4.403840562474727,0
D,X,59.500329050992676,131.505043260448,31.28458904946636,4.300814589551424,0
B,X,24.864446174341868,144.87283775200797,25.377056582817183,8.108969887364093,1
D,X,21.393945480764756,105.22592356313801,40.69375650810284,3.0356469817709897,0
C,Y,79.91738198961276,102.13325706131457,11.185320068385561,2.029009998209557,1
C,Z,10.523891145170316,83.46947831904598,9.516262034104983,8.480349556792643,0
B,Z,84.33456335918386,89.31311299261043,11.923318674803951,2.216187849496162,0
D,Z,63.152674764426,122.18585792455261,23.39155800277385,1.4105188291834239,1
A,Y,50.51580362911416,105.7332443747555,34.16128915295757,9.97624416611707,0
B,X,58.997104192391284,109.8836331530866,34.721551650969374,7.50930627742699,1
C,Y,50.98493622320373,89.74195301400617,36.14050616820725,1.33821794809081,1
B,Y,21.49186995460846,125.07840578004112,40.65349417666377,8.951024556225954,1
D,Z,42.71552312885602,74.51859145098811,48.24582815904051,2.204530600667561,1
A,X,11.29004559057935,118.84638454261342,7.722942478104041,2.598894451563484,1
C,X,38.31471804879459,56.569003177873086,45.33000688820396,8.79016596420973,1
A,Y,53.18165393438414,135.08833006440432,7.770608284017867,7.429300227504415,1
A,Y,50.5618861409709,82.71476323528547,23.27555712316756,3.5894101811095616,1
C,Z,63.56364562521843,96.71349946090564,30.183302113291308,8.784728165932332,1
C,X,53.01731898321254,125.13228883565743,16.060445565935588,3.293747091715173,1
C,Z,34.92118366620605,120.7038807084207,44.63906850900995,9.151171939069362,1
B,X,67.8137028169415,145.30242276704809,27.68347299478179,8.76166978992114,0
D,Z,17.340132350388345,64.43193405628972,36.88875337278627,3.1644547586709613,0
B,Z,67.74247569023143,73.29530347399722,34.46648701214593,6.982461219862099,0
B,Z,33.247069974942306,59.837746793619644,44.87061622925657,5.4745067708413,1
B,Y,39.609929609860814,134.90980330214444,18.188124106164192,7.637281699607886,1
A,Z,14.535914423562204,91.38471950996549,44.2815266737148,4.632429697407483,0
C,X,87.32456142823769,93.81260295308898,21.608930346556647,3.90128311270505,0
A,Z,69.54212855048159,63.13280508685649,14.62937509472105,8.341981567433386,1
D,X,18.269878090187706,118.22098761669363,6.961908328329259,8.80039768005228,1
C,X,89.13256722869902,115.52023916038436,8.675390868295306,5.044427913447876,0
B,X,11.932301718116348,146.36455331542624,25.96763272701536,8.931222147028674,1
C,X,80.34196854701827,120.99435371815278,20.703126890565315,1.9011893339495267,0
D,X,79.82598549952661,76.8909292003943,7.567716029755093,5.715264075681113,1
A,Y,26.829881401656678,118.3947411122222,30.262352797173563,4.422725169890558,1
A,Y,59.57232650611645,96.29940575335253,26.285171835164313,4.7097636013097866,1
A,Z,19.608162226066995,60.744644536765065,23.667712025708706,6.0439788924906725,0
B,X,86.65619607863354,94.89020570089284,22.336290160030217,3.4805849201296084,0
C,X,56.07035589970003,67.57699622063285,8.823970554650618,6.447113988285921,1
B,Y,17.426948383995935,58.20512346165203,28.20880320469132,1.2974267459276445,1
A,X,27.42801024465331,80.91927610113115,34.64583872114511,1.6776571920313235,0
D,Z,52.97978323198044,111.5281203481791,27.55204298118814,5.491881629518961,1
B,Z,93.4858657773925,110.17341498170008,37.09298793397657,7.362015229477785,1
C,X,19.593058618858095,138.5003171015827,14.844484317563246,7.261139092935876,0
A,Y,46.120578964734214,122.84933585035402,7.780476703189055,1.3168425953243537,1
B,Y,99.48617214267017,145.2744355039719,47.49523182552033,3.007066454403585,1
D,Z,95.09915545197455,109.82111322295067,47.28906178653991,3.9304625121576775,0
B,Y,58.63382200663221,87.6901607569697,34.82688402429149,2.5857959755352526,1
A,Z,39.70601585913143,93.06835345089965,21.865984425520235,3.681810917901741,1
A,Z,73.09052049320505,80.61569053519223,29.224480652554142,8.20768097670187,1
C,X,93.2029857113412,66.64704981285784,35.298373392821645,9.538278305110028,1
D,Y,85.8607503032063,63.08465827551056,39.95030987437359,4.532896673345755,0
C,Y,61.1822803685423,61.798551245982665,11.282166241038363,1.699419039242457,1
B,X,70.47408258441544,100.03950773639123,21.234877464939277,4.363255294678131,0
B,Z,21.883133412302495,144.94030304279164,35.33428164082673,3.9577950858372297,1
C,Z,59.62517794545475,108.69431198582632,28.69275840451332,9.511135290947824,0
D,Y,19.46382273674124,79.2177981073909,31.84135086016406,3.2378907675722655,0
B,Y,81.90502889770977,139.18563574796883,33.02019949303521,5.945867309097947,1
A,Y,63.674141478275466,85.20266646979493,10.437566227419683,4.188449242060854,1
C,Y,57.832334060144326,71.53644638779419,19.13330468378212,2.824533015817758,0
D,Z,10.309216232592277,117.72304893210035,8.164071235577662,3.3590058887388,1
D,X,43.43109120202882,140.61050615442915,17.047960659943648,6.01135764434962,0
C,Z,42.10074701145757,74.76449831895944,35.271909629593836,5.627271721502484,0
A,Z,76.01165322588601,123.66400135944562,29.76987266491772,8.567895503104351,1
B,Y,32.60149743190601,84.1773560453463,20.849293848413538,9.752685971577996,1
C,Y,16.79666532637377,116.49376950993629,47.59725347957869,1.3919098934348269,0
C,Z,62.820100336532946,57.18960426640655,38.43016861371718,8.498059841738108,0
B,Y,93.3632895709926,64.61440022402152,6.055714928053505,4.254686681686009,1
A,Z,57.92288519163489,58.78505846823796,38.58513655807632,1.661978820365628,0
B,X,23.473037872319694,147.85146694619544,49.272296425362,5.9298032001253835,0
D,X,82.14499960999224,77.31447456362379,13.621550548811603,7.119017110196587,0
A,X,69.44525896212659,66.80600087478915,19.55009460149585,4.863813983033603,0
A,Y,74.55187581599523,149.9142470654342,40.45597996233661,6.091208042471729,1
C,X,33.02839448200702,66.87381362624573,43.51696738086779,2.0464072578121897,1
D,Z,57.67839487780939,86.63560937623026,33.06874879517525,7.101556988799149,0
D,Z,22.28520864969249,56.52155774085848,41.19826802230302,7.794512802159568,1
A,Z,97.00524007263479,136.92579821804082,20.745883181482192,8.73512378847234,0
A,Z,35.91628289756183,126.92574507219108,44.46251119920378,5.615079558616697,0
B,Y,49.11087285520137,147.45870891592742,10.196662720615482,4.123217517550524,0
D,X,73.84904459803715,113.11198807262434,19.741533035620918,5.128625678272544,1
D,Z,75.17031116660681,117.82804798838526,37.4832596429247,1.626073890455055,0
D,X,75.85190281676118,118.8628967065705,32.082680251818886,5.962587593623645,0
C,X,32.86135181419385,91.84741391071815,7.741902782542089,6.225486356167787,1
D,X,16.514396853271755,104.45947634134208,40.36776501706327,5.088045752949762,0
C,X,15.476889628291387,102.74561294794549,22.41494732577485,1.376226528723957,1
D,Y,50.805461684187534,113.47313071387796,28.11595315049617,3.0397047367682077,1
A,Z,32.67039781211081,149.22239271033652,35.16991387001122,2.5509990524691144,0
D,Y,77.32359418069983,57.85259685329059,44.640911999228116,7.6669468372665905,0
C,Y,65.99293369606522,57.18371159598953,30.725391419573302,4.280587564775303,1
C,Y,61.834269670977875,148.99743298823893,21.794363447499254,2.8591029247422997,0
C,Z,92.84336189528291,109.09034290833073,32.95631099055609,9.172269977447183,1
A,Y,13.17438090216282,130.72948730847506,9.267139225323332,5.355027581992265,0
A,Y,97.6811027048364,92.41890655911597,22.698211010782224,8.288515254023334,0
C,Y,40.23327723783189,149.6343663286728,33.51105295582434,5.835873345157876,0
D,Z,43.38447503381462,91.63691452833052,18.226062826733433,2.24169764047601,0
D,Z,66.63941106478799,137.3780140358666,34.752703801151526,7.967999349699494,1
C,X,32.18956384918232,106.98812762333651,13.562527367895834,7.176134231342161,0
D,Z,89.80346008986508,54.009249868243884,36.552296354001044,4.189926638735852,0
A,Z,79.1083023080128,107.57095606913839,38.199022851226104,6.955221010571681,1
D,Y,89.7807085403363,106.3021743076581,49.57036608319807,1.876177389531703,0
A,Y,50.5587785446434,148.17876290698769,12.892002680293565,8.16988558452649,0
A,Y,51.81161141397613,124.1106171987218,13.100001270792614,6.264211267775745,0
B,Z,78.36203909811965,103.36105546930395,20.473249291730657,8.544813676788056,0
D,X,59.17159893779581,111.71693946409835,12.224432590157944,4.54909629187021,1
A,Z,24.155184066322143,74.61143520299501,18.819487084256597,6.359316854584312,0
A,Y,61.3375739095717,125.66488100213714,46.84896605556123,9.443642261677006,1
D,Y,97.24081770624086,103.15989362664439,45.514582464043215,3.859790046181272,0
A,Y,98.93960277090775,50.336412997646065,32.169696866664424,4.831089398448537,1
A,Y,15.490836019798333,87.51809598359647,11.121528107685664,9.153579792173485,1
A,Y,60.36620138902485,115.3498005503608,25.717901342124172,7.861911383444665,0
A,Y,68.90160951149483,137.37326558478492,46.99857875531168,2.520338215945316,1
A,X,19.392871457052756,113.69428579507878,19.62255292547957,1.3594838107863234,0
A,Y,52.71741170120998,57.058441491104006,5.5930196820757425,7.702979795547126,0
A,Z,83.4528048978628,79.48998439441371,10.747860656039771,4.7412894882205485,1
A,Z,91.26169688543814,114.87594772404911,42.722920045844,6.804157253279833,1
A,Z,58.12287488035701,132.24161723199558,5.215591881379298,4.021111827246131,1
A,Y,32.91241871163006,89.5566359692948,37.601132674939834,3.8953837899562105,1
B,X,14.195609359495077,94.84194378191211,27.02999060553786,3.0092604558312694,1
A,Z,41.717276368967774,68.98400489017367,48.691762101581936,9.727816022447453,0
C,X,21.336394055751022,118.28651109235446,25.31709349729603,8.424189706266311,1
C,X,29.360610178480215,77.8849194801512,16.884317159880275,1.7466840340179313,1
D,Y,14.920299529357605,147.25109067715505,48.215817957117146,1.7944515888235115,1
C,Y,31.91216211873328,129.5102510502791,41.25257002416098,2.1934909183034303,0
B,X,64.3000288386144,136.2817317670968,44.23497541701686,8.326968968794917,0
D,Y,26.76531844711136,55.90574805565345,26.322204002905107,1.3953142381644492,0
D,Z,63.95514816452896,66.57567046777845,9.898037323819974,2.7502741327780313,1
A,X,98.59054612715072,80.23557767110034,6.264611195280434,1.2847659609965065,1
A,Y,47.72612203913516,129.4022370225122,27.02326309011543,6.0029424812496215,0
C,Y,65.71727953553413,77.45096646985151,24.726782718799083,5.09356337952079,1
D,Z,12.21967297310753,105.41121417271842,15.841485947733652,9.602825370448105,0
A,Y,10.020531301999927,83.64157823084633,36.74340728297598,6.9583137548898275,1
C,Z,57.91602810236131,139.35005355998163,32.950216878981195,1.2894453231002614,0
A,Y,74.17947880943152,50.1811107358662,5.963582133965541,5.7571265399105895,1
A,X,14.21107230970841,95.59416169023179,35.203267391394625,2.158770728739685,1
D,Y,51.52970175408458,76.11748592080778,39.70517951385566,3.2541272765516314,1
B,X,56.740084593546655,55.64619554286616,19.23626209681639,4.0637212996071845,1
D,Y,12.673449570798315,57.84158928439118,7.312094935466686,5.02032168860026,1
C,X,62.15114121205061,130.29430600149198,35.49197691178847,4.504212320570833,1
C,X,50.36829182175589,116.06873999830496,27.788000708158513,5.369829758353103,0
C,X,91.54431594959887,64.82353758300053,19.38813621570091,2.085740058772921,0
A,Y,22.760764992729143,113.15858926656449,18.82695532461605,7.691949678189209,1
A,X,29.36510663045528,68.12592570797197,43.39973957725789,8.099359492003796,0
C,X,74.15381417382604,138.32698408565946,47.9460911801977,3.0314606363202197,0
B,Y,77.19577390241818,147.60459490271256,39.5173919219967,7.336516908991353,1
C,X,77.60417171059053,131.69301714181222,43.531706299141916,4.062301266014962,1
A,Y,19.755834575607302,93.55589019335022,28.345219073139358,8.274431305482587,1
C,X,11.555581857841224,144.78758018455747,43.839245388880066,6.3700874992813885,0
D,Y,38.890190880294526,64.40507571215724,36.499645730465204,9.577268390243397,0
B,X,22.414379579144548,142.148025835458,49.86835235378354,3.9038304203000984,1
C,Y,49.225877251407304,106.21905624595954,8.524460664035526,4.664785656454027,0
C,Z,97.0180278981787,90.23327326478187,47.87585084583809,4.661461549355645,0
A,Y,29.873668180663184,141.58226432342764,15.536010922085314,6.121295608408386,1
D,Y,79.4911868636021,88.31430060595642,23.59639863688755,3.3236267457597966,1
C,X,61.85230241648526,54.78924829458042,22.79962762110532,6.3637783059668545,0
A,Z,89.85624968267172,131.3227706517235,5.848658258617744,2.825749577128165,1
D,Z,38.23390546205674,133.67692207375794,46.01380104338297,4.691864598198018,1
D,X,81.8310102881748,102.53304359178838,48.85846159439762,3.5575985000091075,0
C,X,19.780065151522557,143.2054893091641,7.412696657675706,3.185888874885498,1
C,X,52.967190016440995,149.7551816708101,12.473257979881593,5.35031255207451,0
A,X,54.09383198200655,99.45675407617338,33.87696855518861,6.898704160854564,1
C,Y,74.35975572754418,68.2488634362729,5.0826660855495795,8.134569910396678,1
B,Y,23.772753319130203,60.66252531067134,40.69503867304753,1.4761388130139783,0
D,Y,73.34539620369004,71.83379271469485,24.147631095071368,3.008055559333914,1
A,X,53.46981385290513,122.64617501187858,33.03136605169456,9.386172125048805,0
B,Z,55.52297429152336,117.5315183252238,14.212523400842924,2.563817308227888,1
C,X,37.18630369402601,147.7988979273821,32.55842201187859,9.356974697322425,0
C,Z,90.87057010462269,94.1293907121256,24.5327414890796,9.83008569263714,1
C,Z,55.66565348672022,62.145433780701396,33.53201273346778,3.5421417176079113,0
B,Z,17.347944984124442,139.86331132890047,19.829123099705278,3.151068925610543,0
B,Y,64.99967522802513,53.310062566008895,30.914205791980955,5.353237777176517,0
B,Y,67.19709037739474,131.7698744781943,16.847915819593148,1.677027770671562,0
A,Y,96.67345415907928,54.65930263639214,45.47397835989783,4.089092488306466,1
A,Y,54.83834268905226,126.71942217102317,32.500822112665816,8.74948102720245,0
A,X,47.48434457915466,121.1625314984194,36.75617822507096,2.8124795351406284,1
B,Y,77.60142720232811,121.38048814092615,35.3565364566046,4.419618851284297,0
B,X,98.83841476430064,108.19758077812666,23.72301660943338,6.151464559173034,0
D,Y,52.29193397893492,119.71002927560059,23.570919705199724,3.0972084337262875,0
B,Z,59.70069658015168,87.27851341644981,33.69221188800358,1.404714246246302,1
A,Z,73.02856204059955,103.01922240751833,40.24619064055397,9.277129904898079,1
C,Z,86.33752007676657,64.25032972991083,31.004516293647217,6.915166500437106,1
B,Z,73.17790017343785,124.03203815000201,43.563582458710634,8.048399355627904,1
B,Y,87.59597253368757,135.1794771829277,28.63162891189766,9.689030388543424,0
B,Y,75.82200020590919,106.60695538670743,25.83999696994122,4.946362656283484,1
A,X,10.291755153431684,138.62361051562561,23.674918295603117,5.358345668235595,0
D,Z,15.127281696222473,95.11396143240643,28.15266812393646,1.1518034527137082,0
B,X,31.722395407399233,51.06989409528465,41.13287807224339,2.921411753106162,1
A,X,45.86459568150372,66.6810383628679,22.786075794552076,5.210012924912314,1
D,Y,70.7307937116954,96.50702372784582,28.570243184628264,4.6435905195814104,0
D,Z,53.47625698492028,140.68927104078202,35.17701997083692,9.521807542050718,0
B,Y,29.164958572849375,135.83465452241552,18.72195015252381,4.249746325347397,1
A,X,98.96230015604718,52.65408284426986,27.39066281920072,1.1900233083200937,1
B,Z,83.79378915812985,103.2849144882848,22.357546175515015,9.992723453115763,0
B,Y,99.21338793003314,130.20109665464497,48.966240904274095,6.869128401935689,0
C,Z,98.83185030358526,98.64297353312018,13.455428573804445,7.582788582236723,1
D,X,16.38104363002337,86.40024610112351,48.564665267612405,5.123380711222756,1
B,Z,80.4666184163052,114.90481575594897,38.04615165222317,7.965670951413947,0
B,Z,91.51779152486209,124.69048473971381,42.97449673269526,5.759157341632014,1
A,Z,54.814274173058905,62.38001230124384,16.54084684628394,4.940417864759229,0
C,X,68.60364516390759,145.4364461512667,8.841768937927439,6.746995122942533,0
A,X,63.67007490196263,121.63126270714481,38.82652319026911,1.265515688778796,0
C,X,56.66813529257663,67.97108114336378,47.44306518618087,9.847036865531571,1
D,Y,29.687374185868087,87.62953439174171,32.069671512765304,6.740405241185692,1
A,Z,35.321771950625575,88.05288678892805,32.37466148314438,6.755605550233034,0
A,Z,52.48976497903704,98.92727554811337,29.75209139736272,1.5929074839501878,0
D,Y,35.7171486517081,143.25578720577724,24.71492875801495,4.644115505525909,0
D,Z,90.2809827177059,100.26123920269407,47.676309017221705,6.1887211282603936,0
C,Y,30.58087583508322,73.537402966922,8.813171749292637,6.848186694870775,1
A,Z,71.64795496364081,142.42419820241437,21.358478595356086,3.010960143286027,1
B,Y,67.31859838621205,145.50882189929175,20.015625823906014,5.445335408969054,1
C,Z,71.98218009529526,120.61475858423746,41.48117438605765,5.400091317087244,0
A,X,71.11791518886332,109.71740932159385,37.08658041929716,5.232487164270127,1
C,Y,15.482404178330327,112.18365586134108,42.58933575233434,6.005534555475745,0
B,Z,23.49180857499677,100.78165522265252,30.40538234356367,2.0001782688231478,1
D,Z,37.6696815715496,51.74128399601903,30.856585835266117,2.2214108116289903,0
D,Z,80.57678695936588,128.46900585332884,38.29228808797471,3.498326938782288,1
C,Z,99.71380826238253,141.6094110637846,34.03215011231356,2.5670198435679548,0
C,Y,74.20752495707308,78.37472889757429,7.597081452674577,6.291032006648169,1
C,Z,45.32256771987529,141.4924035928882,40.986258027675916,9.57882945109745,0
C,Z,94.35187989595475,63.48149837311274,20.630392852295607,2.655809358292617,0
C,Y,87.73765746028238,50.82132684488991,12.299104049046448,2.1658337581132283,0
B,Y,77.30229979538306,76.53019550696257,12.354326277346377,4.724675489117949,0
A,Y,59.171005781274054,75.65240704098021,42.04133252369385,6.2680013507491985,1
A,Z,67.49807382384935,100.32879008337537,28.444470700643347,9.27067242609627,1
B,X,17.560269311344044,59.37937147587223,15.345217307161517,3.7656524492925545,1
B,Z,67.15942513266522,72.73421497574628,32.35444846577474,2.2310460477479896,1
A,Z,43.09516310721945,117.21567324617139,28.228922790166028,2.1522008381599647,0
A,X,54.0902794977148,57.69819561706746,42.73210543142158,2.0091246286064064,1
A,Y,30.682372668972302,62.06553881169171,5.313472831097188,3.984245278457605,1
B,Z,29.478106065958432,78.07668422716677,49.70601167934778,6.252464723154486,0
B,Z,45.49818683782555,129.06615609538605,47.78540276367377,2.4639730122928936,0
A,Y,89.30936615320829,83.63246388430242,11.673464046230858,3.2448235224326094,1
A,Z,83.96594361131407,74.91793418715824,46.5348959169221,6.125159510222696,1
D,Y,42.13950610714123,142.7204154018348,20.46851938287469,7.017724062951143,1
A,X,41.731516280433546,116.98190845825056,47.82934291816624,9.079588260834473,0
D,Y,83.24287117974907,63.72563555651614,6.199360602686047,6.9357356484159185,1
D,Y,31.60934157047568,129.1844562555621,45.969111686849566,3.072797997237902,1
C,Y,69.74018937338028,87.43990348309984,37.770004914118005,1.5649788558034787,0
B,X,49.892983337104475,79.05502186817436,16.310010960267824,8.082574435447192,0
D,X,95.29809790160786,75.90257867293214,37.74109721335294,8.684828452035966,0
B,Z,63.582449285913434,141.86917354102874,37.78831015647848,1.0170886708611522,0
A,Y,29.02253486803657,85.75695270110727,30.01307814610592,6.725883741035373,0
C,Z,58.63108248015754,120.8247926669006,13.494358045934002,2.274366423350397,1
C,Y,90.90678004829599,72.90462442552811,39.387239860638374,2.0315019461480457,0
B,Y,40.89554296270149,108.36689376759458,34.92524075193764,5.203336190785511,0
C,X,83.2309092721286,64.53081060307295,49.978946720053216,8.502738985235311,0
C,Y,87.43408027147196,112.36252808402924,30.29114871669076,1.1784472771533228,1
D,Z,78.76910147189184,100.22995634733897,7.617289700392923,8.23939724868931,0
D,Z,17.73605938227523,99.83437462812984,32.30364240878336,7.990957110438666,0
C,Y,90.04732786065745,139.3981996174146,39.36795226263792,9.52111014046907,0
A,X,92.01511023521492,126.23996321836889,24.264420771714445,8.793201015198044,1
D,Y,12.461697595470115,148.46979950388317,36.395125198287374,5.7088966936100904,1
D,Y,25.111584042929934,70.29828531048095,49.897783933937916,1.9108783259423507,0
B,X,33.874389660149205,90.54217855087632,33.80986242716895,2.6044446285374567,1
D,X,15.880003478355116,83.38768115418746,46.28965143961751,1.8520660844861094,0
C,Z,90.94436611277858,63.5284417015612,17.397237573688365,9.927324745182041,1
B,Y,88.9159177258726,108.26180195022528,31.89492415097552,1.4989181496300539,1
D,Z,38.266228419933284,134.07000414400483,44.19626436701286,4.764342211338897,0
C,Z,43.723762542143334,67.00151314690373,12.706011356967021,4.490154732519753,0
D,X,74.93483804534029,87.77519069843686,42.868263621786944,7.048341541608735,0
D,X,61.963064445609035,95.15543474658439,15.536606634001965,2.985611395764899,1
B,Z,32.06204262307061,142.66479730220914,36.64053550738949,6.770756476767986,1
C,Y,14.595277949095037,115.31427873905535,10.611307645869138,8.297109045146556,1
C,X,66.74474508714155,142.938106384628,41.15577513473213,4.851048078577621,0
D,Z,36.682923945868474,74.55079882971698,11.416784505153135,4.797486807095672,0
D,X,50.80759284030125,52.72562769412909,36.01872047808059,7.741427939266604,0
A,X,13.766843748396482,97.2474614963898,16.612316170403304,1.6066117541850273,1
D,Z,53.738518917848744,86.35233703456221,9.274324913147044,1.3060035344510061,1
C,Z,33.95834976203597,63.417469028690746,37.062820331414,6.703461952093963,0
A,Y,44.64827502043522,55.77288896281915,49.42521641738022,5.039205876489957,1
D,Z,39.680488137817576,121.30223130993528,29.48917073144238,5.758015999458011,1
B,X,48.89243121039964,64.77241532649066,25.520902538747652,1.1134063647627164,1
D,X,77.41200702560364,73.9246037564375,39.150825479788445,3.8536790047836176,0
D,Z,15.347895414124654,115.5711248542119,21.009510841823865,9.738702677567192,0
D,X,76.13187881074941,107.10793041531242,43.27728627460301,8.844632661841803,1
A,X,15.64811640093755,111.31011975576706,13.592512446866973,3.434425153546125,1
C,Y,81.2191422142375,87.44735686701122,46.20606673934591,5.9865451426204475,1
C,X,67.03222311577521,75.15882506526326,41.49605346470364,4.180911647922068,1
B,X,53.313527438848546,67.67527696931487,6.342033269198435,1.106496945860413,1
C,X,18.52399565522156,91.07501161880404,13.804093592202946,3.2940957465342446,1
D,X,52.035241070187574,51.450530362990484,42.514308307808456,1.202692739783427,0
A,Z,37.13188224558056,110.87146569564985,34.35215419626716,9.959752042986032,1
C,X,95.82028506776349,132.67926327469903,41.34507429639266,6.840534714236981,0
D,X,67.16009520909319,56.569529865880476,34.724010280104665,8.121535094557297,0
A,Z,66.00527490780485,104.96727505816757,36.47418575525922,6.846427978526586,1
A,X,29.80662869178063,141.0648396779996,49.453338752336556,2.00909359027264,0
C,Y,18.98899448929658,88.67410300243556,26.127692746977804,2.8587667080901253,1
B,Y,76.18844377947129,137.78063311814304,31.908258695609764,1.53829246625549,0
D,Y,82.6048622032011,127.98026551051345,33.25224508858742,5.5906614401161345,1
C,X,18.13525440125437,82.46683654788433,5.899627800334797,9.679982034938789,1
D,Z,79.3227078838385,77.06973526411211,10.555215812912163,3.396779308149706,1
A,Y,91.8308016161534,53.764757745448655,18.507547434189018,7.639284375581474,1
C,Z,88.20859090853706,69.68715996505276,33.40366350424205,4.91538372680944,1
B,Z,18.183754658755127,129.16156996445912,40.76433713375147,5.373828747508174,0
B,Z,80.10549321110703,149.22500188836494,32.86110963034015,5.735416490978707,0
A,Y,56.21499637365721,145.60668116022316,17.31718841463178,2.6570137595671577,0
C,Y,88.45787604939,68.27129631774335,44.16528420274891,4.546793707914651,1
B,X,28.08157234646565,58.61392868158305,29.89800498500948,7.803740524139607,1
B,Y,30.688032822430785,65.45490856891863,24.10947327865084,6.934593714906515,0
C,X,20.58355363385178,120.32135998344697,9.110330986787659,3.4375609332320556,0
A,X,63.21542422801708,106.69816452485637,31.243151206072284,5.9385192082423695,1
C,Z,69.8386983980734,64.91589005657043,21.419655071325685,9.28419698990129,0
D,Z,11.427555257837895,82.09090304776274,22.736916224972052,5.946594617892021,1
C,X,75.93684908291942,114.44160500124637,11.347927924355414,5.344930800655072,1
B,Z,14.169886302449585,107.98166858462695,36.325317435563406,2.508435340167654,0
D,Z,56.24774498780645,77.49203953931432,15.046210843258283,8.20121446370669,1
C,Y,42.24175723888362,117.00864518532713,13.137691284505493,4.711146825123222,0
D,X,41.58833537729463,71.01992063531353,32.19090867373237,5.138587604605392,1
D,Y,41.862841499822046,72.73943247238344,13.23049851955476,2.2363653778627404,0
C,Z,72.24557368069043,115.54287744623856,21.83168573876187,4.018225374380809,1
C,X,81.68419312052552,89.4690158513832,43.3965883343557,1.9246550879086808,1
D,Z,82.73182688960141,91.88797022810559,29.35930509908837,9.970862946538107,0
C,X,58.777915187162904,64.0557306491266,45.608980861589565,9.057371676690318,0
A,X,96.07938842858515,86.81912488825567,31.27249190005398,7.601091923273755,0
B,Z,31.626898388455317,67.43875545023064,25.612191571744155,7.034729015632009,0
D,X,34.40323083067852,131.18653043809582,24.312676862110003,5.527612891623363,1
D,Y,88.04953252771652,105.40492425757714,44.604521356047016,2.1169085271633024,0
C,Y,27.444821873155323,137.42814300191975,10.61202457438802,8.046193596784907,0
B,X,41.179369055784804,149.91978591407383,39.66988069822875,1.5004567710253904,1
B,Y,90.629379244059,100.84523454168868,9.951221581770522,3.955875581356107,0
A,X,83.30936544753452,140.85286173969922,21.06315900515911,7.884298827542076,0
B,X,93.47720704811674,71.87864435783044,28.54144555370797,7.138025555672821,1
A,Y,60.36589382604899,131.90450876332733,41.47142961308595,1.9304565955616764,1
B,Z,62.70913909577249,64.06873954984741,11.89432235678392,3.0044840712845007,0
B,Y,89.92027932729236,85.34519904027387,27.82550754754311,6.93841205455928,0
B,Y,40.04952214669849,58.92145354912193,39.60247100847229,7.658154215678746,0
C,X,64.30681440634359,89.93828300439114,11.82396254689398,4.4885654987073895,0
B,X,48.216235628796376,81.24034284114619,36.88523996376031,2.881152992616779,1
D,X,99.15849186435099,112.72630173534807,42.51332020726473,9.788934722389676,0
A,X,43.475343533531586,87.72068486509944,15.089915860568972,3.1173922437400754,1
B,Y,49.27443338020905,88.96525626239718,21.138091132895656,5.625975806268375,1
B,Z,11.696371551079084,75.80012926681712,5.047202750833076,6.077363533850226,1
C,Y,83.6618768270039,124.7183880884288,47.76771279737639,4.419838939071761,1
A,Z,50.31290424340204,113.54523863870457,37.89568899689239,9.441315675483155,1
D,X,54.983317749896116,125.24981931456321,26.852117621364926,2.4946863963587984,0
C,Y,23.999574488079332,68.76298336105152,43.41768543520749,5.999933367276718,0
A,X,19.183651449356326,103.90694593908077,30.263492500870452,5.0896180011518135,0
D,Z,97.94772642915026,86.7992780373857,29.180400558082557,8.155045671113935,1
C,X,65.12223940192601,67.51576887944942,42.123846085332026,3.176802048779766,1
A,X,88.21904387174052,56.747754632176026,42.72140337282281,4.287084935601515,0
C,Y,70.00260188544779,139.40546206082482,42.59353740497008,3.0731376076175083,1
A,Z,53.97456470950117,97.8783340615983,44.57632397441968,1.402502779097707,0
C,Y,31.373436141435576,61.1253773459856,33.047921415899495,1.7581887876652034,1
C,Z,12.681097890165631,66.36444143661453,44.207469714729754,6.21119873819321,0
D,Z,88.01573521210875,146.44422774719663,46.54694866349631,3.1504120451861914,0
D,Z,13.759178882375268,87.2087790118089,8.831414761359015,6.3106088436839185,0
C,Z,88.67304322954706,78.62730038826831,23.527483584223447,5.550510790764236,1
A,Y,54.43992428057808,148.20968050316924,37.989824819944104,9.052908712010439,1
D,X,41.303488323923325,73.40775539329158,40.01025723829922,2.2454283688077226,1
B,X,61.70293004777205,57.81442384794407,7.364539261989132,6.803775938029045,1
B,Z,55.31299871017853,135.0576998690318,49.58310174109202,8.270407316683464,0
A,Z,20.97097170048484,128.5222288763951,19.063927643590166,8.236438052399688,1
C,X,38.13686239149055,55.25985174326652,18.551976966949944,4.744809704546915,1
D,Z,44.459077624080024,52.35994249892252,48.04081749844733,9.00450750983602,0
A,Y,92.3647896878043,93.44779179828828,19.740318485112315,6.370606042550984,1
A,Z,74.8594437586769,71.09088640810262,37.09323790343492,2.623576323949153,0
B,Y,57.861361512634055,112.12611152737658,27.788318320866743,7.234476396627965,1
C,Z,91.71111519867576,80.40147523071906,49.03610397648677,2.24292750932623,0
D,Y,29.829402980869002,106.8746276779019,30.729979699574837,2.2179577995574453,1
D,X,21.23414856234759,69.47525314403676,28.752441011504878,5.710948772648685,1
B,X,57.30966485826904,84.86519021443581,26.8071681400181,4.324355420807521,1
A,X,91.43661212164432,95.77669928762796,5.11272261732137,4.66679714452792,1
B,Z,59.029219197178634,87.41273469692565,14.640183855732298,1.4798764364541679,1
D,Z,60.10481656134274,106.913185437762,24.86892591551878,8.69803283807316,0
D,Z,70.21546920384358,114.14442259381946,26.341729888131347,8.155628924788505,1
A,Y,38.830765930387976,138.82049986730675,34.84740990851405,5.224028997230432,1
D,X,57.0125528906203,107.57074783642668,47.35007086782113,2.799127761804277,1
B,Y,85.95080902612385,149.9125170752883,41.181051545744566,6.685209671109534,0
A,Y,23.921031116329605,51.21314277321925,32.969524949011536,9.792704045627255,0
A,Z,35.324212036499816,98.23784199266359,12.315788934171518,5.90458022081841,1
D,Z,11.997214479244597,58.86009901755972,23.261424119497423,3.100165245196205,0
B,Z,90.8589710727441,119.0630404050766,41.49964424439666,7.670117975172744,1
A,Y,24.243058830774913,112.14804864564049,42.98151686314508,7.940297418490173,1
B,X,76.52777218964428,106.09720950941335,35.586893482772915,2.399915580484554,0
C,Y,45.854754901935564,102.90209518524372,30.649414951543648,1.7430695683226651,0
B,X,42.753339479364875,133.7178545838484,8.707859230592351,5.423558182954279,1
B,Z,66.18069775136777,85.26547315706696,29.649891899479503,4.9236770299998005,1
D,X,49.79680166367752,149.1317014740001,8.068958076723506,9.96506476545767,0
C,Y,44.872852610175606,65.63392891923529,26.297643528671912,5.3024850799082,0
C,Y,77.26478251821366,131.9496826914344,35.8087518533665,3.4129808569200524,0
D,Z,35.17908815481485,123.18379045926604,12.814651290127431,7.992874956249541,1
C,Z,87.74741832624004,145.10537166497858,11.079335513846248,2.009333933957076,0
D,Z,44.791838655082415,83.28568157467602,49.3652645529069,5.329181230267248,0
C,Y,38.57991881244611,73.16695322249632,10.40325555273944,6.842916188087622,0
C,Y,96.46147090846627,92.93769453573242,10.096906318870658,9.999631103467896,1
C,X,49.211312510000134,111.23610318267089,9.239932975177092,1.2084501349609602,1
C,Y,74.82472217386041,72.5365630576982,6.766936578373699,1.2477823961057792,0
A,Y,78.9184472782124,75.50578841909254,33.211744486286435,9.675042893390858,1
B,Z,69.82928467128488,99.45899016343338,20.07710246802221,4.166777975155206,1
D,X,31.66193842419753,138.2951816280183,26.786913377786878,6.053891594765186,1
B,Z,66.46803558660625,117.80139444216961,45.802122387219526,1.5031803523658875,0
B,Y,71.25014853925288,146.4853171850202,19.129569727980012,6.939510227240231,0
C,Z,55.84605036387311,125.2672670140953,19.334755913662114,6.063198549734218,0
B,Y,39.7585573041393,103.59035695100162,27.385957887564295,1.1387926486219926,0
C,X,83.37442182631816,53.52690559930608,26.36167141513539,4.234945747183804,0
C,Y,92.7888759163657,60.07291234115478,29.71931061600733,5.09655088188419,1
A,Y,26.945199660267697,87.0148873829383,11.44648762706432,9.279087111284072,0
A,Z,69.68504263164868,125.2151967764062,25.983946438332964,6.849416957264344,0
D,Z,37.04548715059738,143.97008635583805,46.90864844809565,5.0313492920100895,0
C,X,34.87560765725745,82.78220409218403,32.114074158758555,2.251017820323802,1
D,X,20.52358180815367,89.13429467411595,11.226507218347223,1.2190371563580231,0
B,X,81.42494417760165,52.80126988709149,38.922517033156005,8.11338128856814,0
D,Z,39.66156981428098,102.25799144277966,47.25678494935327,3.4524034996631063,0
A,Y,72.1402423954812,137.72780376472463,17.623901891385593,6.07781491882666,0
C,X,38.59478881193807,142.46165294022657,9.392345020304028,1.3703478728737442,1
D,X,59.10744565049541,146.4111566758973,37.45453202889588,9.049627625722268,1
B,Y,96.67026595205284,59.741810880397054,26.58145425232566,5.9386355837211955,0
B,Z,46.473962113967495,104.72335024281097,31.179028145976385,7.923701684436243,0
B,Z,49.52191151619841,140.39150609626466,21.86047368572536,8.371686976353391,0
C,Z,64.5179377003735,89.25770931119217,47.09405149243329,3.192005096409593,1
B,Y,90.01905207822892,79.69863329279043,49.22841867574295,5.207165409705385,1
B,X,19.90846833000316,95.60487046189893,12.014213452111964,8.850117223239646,1
B,Z,26.29080071207626,112.87899871321832,17.382700566884616,5.247876590751653,0
C,Z,59.9624906506738,64.69359459711934,11.529890145875108,5.41855399779592,1
A,X,65.69768118814183,131.70714391796636,33.78532704708854,9.06244081597935,0
A,Y,36.115638518706334,127.66104193504982,18.04484077856275,3.3003787652685874,1
A,X,84.38361813685864,111.59471357284353,37.013819670218325,6.49864910858722,1
A,Z,29.13793912783215,89.95946845513092,26.217442646337357,5.147472167037588,0
D,Z,30.013503043367724,58.96029575095011,19.484103508748234,6.220151692925519,1
B,Z,57.014688322858106,100.39396046872884,26.508419324570312,8.630316515940226,1
B,Z,86.91565102852354,83.61508573646464,31.5114633824165,1.479137643209266,0
C,Z,91.82335440308142,88.60523543937026,44.529319235456825,4.187998050978654,0
A,X,77.23303807257862,72.18668941285998,34.97853079671838,9.820266896624593,1
D,X,20.90841739576112,80.94806192718086,10.421060510587369,6.011912032972096,1
C,Z,13.469693672778131,114.34353657469755,12.717438592591796,8.31892602662731,0
B,Y,59.21125262987067,54.56802343182737,46.41123574796061,2.4510941711448044,0
D,X,49.76189512025468,119.44024956685894,40.24375391884855,8.74117383970265,0
A,Y,47.17915854392018,144.5624004781077,10.713839179731911,1.2095452874053914,0
A,Y,85.63105490099377,92.26852069930425,30.24569737814051,7.1327582775276035,1
B,Y,27.746338617396354,134.43843887221516,44.78506425389231,3.4139440540036494,1
A,Z,54.48061605740216,133.6867694579716,21.991025712664737,9.256847027908652,0
B,Y,91.31058209100273,114.93660687577227,46.92396511628749,1.6355652489965944,0
A,Z,34.288707335610496,137.93095042229083,45.22757897704654,5.836079482174893,1
C,X,33.6028400027887,123.81748251798524,20.683863590745958,3.6472189528798715,0
B,Y,27.018111485927058,56.713146749763176,18.10786254968856,5.8400451861886165,1
B,Z,39.249807256565035,104.0356808585401,26.49071356250029,2.190179959880008,0
A,Z,27.324333856332743,147.82988781514234,19.13982974340078,1.1950085138902873,1
C,X,52.69475823053216,147.87337802909468,38.36135026517488,1.9267959333154254,1
D,X,20.62478514487391,60.83052100801542,5.112182073368107,6.20696508442415,0
B,Z,56.25589312581367,141.61778418746965,11.905583527925867,6.870322147831708,0
B,X,91.75917431669335,124.73475623575533,16.53700221494075,7.228097947406755,0
A,X,90.32046712084286,134.48273213769426,23.705378832092723,1.1041572576364138,0
B,Y,93.54952173230392,92.0178585990071,32.47031771315312,9.3606917426374,1
B,Y,19.774628773848733,53.4814061905803,28.084918881780133,4.67715505814616,1
A,Z,32.98146517122605,132.72390686625505,49.222938658054794,4.009891016415182,0
A,Y,14.041963860389307,136.84352710344376,24.062639790986495,3.4387667357221554,0
C,X,25.273272080076474,90.07734155884049,22.18643330258546,8.625608166414635,0
A,Z,52.80491991917709,136.43971606987643,28.344876007237538,7.034426441636124,1
C,Y,43.61687723742022,90.5560612039904,10.18078567282171,9.537772260077157,0
A,Z,60.39052754008835,97.727530156993,29.892573690524937,6.170053337439184,0
A,Y,44.45447150148943,104.10392636064024,25.641520036953573,8.156279106743554,1
A,Z,66.98920262572474,139.66686237690598,44.25747160678308,2.703472492983517,0
B,Z,21.045305811842333,127.48241752450468,40.41697846685632,7.872507670566728,0
B,Y,77.13350719286979,83.39736787630082,19.02649112332378,8.208604632677112,0
D,Y,77.18372056801155,98.07813942944117,5.109359664674588,8.566864116415694,0
D,Y,30.057809431003747,114.95033896703066,10.492742940018978,5.810312947154049,0
C,Z,75.35159144278444,131.03444620218445,29.25718850184925,6.588761315137029,0
C,X,15.446835929396789,69.23038636907904,36.17213725310566,4.176570227474255,1
C,X,87.44985809405821,80.27328623881338,10.300276248678331,6.394326900975356,0
B,X,77.62252519795662,97.71448950402888,11.83371753312101,8.795453070652078,0
A,Z,19.144460733274272,94.09377774922956,25.16360175988473,1.7746808797559313,1
B,Z,75.00139926628451,61.84798338684938,32.2144340520107,7.814350061939241,1
A,Y,28.204091983858554,143.83395069686196,47.23583268258271,4.760179821023632,1
B,Y,90.24456529759443,76.86152925854479,39.4266697645242,6.451746609343368,0
D,Z,71.38769978817439,124.51101077869448,25.181693291150935,4.700461920919812,0
C,Z,73.8658633235037,133.99309747136368,18.77166305179071,9.563580732735225,1
C,X,12.714023380170184,135.44948321028275,26.33097707297071,4.497108436193808,1
C,X,34.62055556547904,66.92501420264477,13.650444908778612,8.246204140153507,1
C,Z,39.01600818081509,124.45971899408386,23.063225468735165,5.398847443948311,1
B,Z,13.83629704257082,81.76885364441677,30.806572552412305,6.015327962389023,0
A,Z,28.845990750652625,51.54628054198582,29.280627571094538,1.1185852758163333,0
A,Z,25.5117156705875,87.16779161416306,43.82261574934109,6.471655067946388,0
A,Z,55.74446042759784,148.97398635977692,24.249321446037637,1.5439591265260553,1
A,Y,74.43068335484858,101.64811318486187,10.77230159520563,4.866621227598444,0
B,Z,13.090375557203267,80.30281778380923,22.520320170223247,2.340763476153362,0
C,Z,51.94915131285427,139.88767487836725,13.955821814674426,9.77456975131291,0
B,X,90.97715874127047,72.04454674565199,47.234992160968964,4.339369566730621,0
A,Y,33.58603407765439,55.096721442405695,14.751506460789749,6.115983269176807,0
C,Z,87.5573277982589,124.07227671417871,49.80553058396218,6.894724498187785,0
D,Z,75.79469440948361,81.52950172388162,45.9106686557045,1.9179755994189622,0
A,Y,79.43793397042342,95.99385157243827,25.38828886378696,2.605971443830838,0
C,Z,52.82996817945096,114.89725731791692,16.586211802072018,6.363043300644527,1
B,Y,17.48981689030361,67.34448650500508,49.1566341753989,3.1068653540414917,0
D,Y,66.93446850566278,66.060623944258,36.13488170280543,2.94983201004133,1
C,Y,47.48871426791807,61.971855457133174,47.27606550771555,7.65533931255189,0
D,Z,76.95867512654944,62.58243437721248,23.44688582337029,2.953730764212096,0
A,Z,44.627319048709374,144.4265821060335,34.807365838266364,5.0920484730868125,0
D,Z,98.06039752622503,55.27278826959654,39.836512902949636,9.164333099473385,1
D,X,92.84618062174441,90.58900899709772,14.199604232301775,3.8341163339545914,1
D,X,21.32826410679022,98.44684124116864,49.19530696567732,9.739932726289275,1
C,X,76.23196791061747,131.71079059175673,24.752437308797823,4.410132047137491,1
A,X,13.339400675133863,111.7571740223416,48.36250802150019,2.2334509377130543,1
C,Z,10.140499808028503,79.6515919408753,22.166121063983276,1.3720022930117906,1
C,X,52.847085866936254,95.1036040680262,34.817276909759016,2.62693995160641,0
D,X,89.20722516510976,82.08282898700789,6.221361960446641,9.367563283679996,1
A,Y,21.55943402294497,126.10626339098587,30.087747833503208,6.998611016694084,0
D,Z,54.52771761216728,140.20988293203052,10.412416165239668,9.771585037692116,1
A,Y,87.49045326976169,74.00378007451985,35.89993956674667,2.777442055286096,1
A,Y,38.89271152404686,70.11716577700503,15.284951883806144,4.963854451557875,1
A,Z,29.928078158479725,109.33376351550612,44.307162309754396,7.143356269281878,0
A,Y,49.66212557318928,50.589873003609874,10.714235516254757,3.1940309002685545,0
C,Z,39.73304027936302,116.86025311956257,5.6432449294473646,4.34078840053583,1
A,X,91.68659012889782,85.33376326162656,20.055916624851747,7.025878558551091,1
B,Y,47.86308817017288,74.78630540753713,47.17687264299258,1.6112602700527128,1
D,Y,89.29867271797447,86.30796911927743,18.509258925730883,7.691902855988592,0
C,Y,82.58759538933937,87.06052359096748,20.022829981006645,7.079593804211211,0
B,X,79.46319000006396,108.4108728023054,40.22111994397627,9.535516343247744,0
C,X,92.77314260992028,104.83127942620412,18.88364877668038,1.898896710313923,1
D,Y,63.05108281146693,128.34257500301436,35.078478078678486,2.360382828190783,1
A,Y,18.323228978652498,77.4281187513309,22.947060915607263,8.537717533904306,0
C,Z,26.717372275280336,61.37508310091374,19.233096810691382,2.600954969951112,1
D,Y,49.11922252353615,142.7064826224296,36.09541247731842,1.228223042374084,0
D,X,12.144365778178962,57.95124570648521,26.123753676487468,4.123271969171969,1
A,Z,93.56386203363233,133.86772784651055,24.07540561231658,5.29645707523939,0
A,Z,49.60342325292914,120.53413230830287,36.69510564898019,2.0502236828737077,1
A,Z,76.05570071372135,76.13792750249834,7.759571402203438,5.682371960927404,0
C,X,15.723139622917909,98.47897387308939,8.446144180428934,7.362654292032111,1
C,Y,56.40823631898447,93.073287430171,32.2872694021104,1.737620607896815,1
B,Z,98.56321030577263,50.54723516757178,47.96460154705629,2.450026496582253,1
C,Z,42.966913669335106,91.3750176739627,5.963225914261951,3.9933031406972708,1
D,Y,24.190719854823897,118.23156085662056,29.80130285655492,2.6996469691952427,0
A,Z,33.511803811069704,135.5782137614077,13.960962424711116,8.296113818578615,1
C,X,72.01804762046608,80.5349305560537,33.83120037332521,1.4607707733811721,1
A,X,24.116539864840334,118.80048200927997,44.194651879866264,7.112031807404236,1
B,Y,71.44131756185183,109.51425136198546,46.647417623773926,1.5407033840516648,1
A,X,75.75378844871382,130.14791308430978,21.12991795730819,6.812359313453158,0
D,Y,35.41281948609236,120.10600058424531,34.58883015369817,6.8879765686168675,0
A,X,67.22946315810881,130.98307189791376,42.59762535835484,2.2183910343827478,1
A,X,69.08074435077339,99.22794523158316,41.852965218092834,9.916160407213534,0
B,Z,20.288930586481296,67.70660157234826,12.304481946528128,5.309332162022856,0
B,Y,38.77342364213938,136.16168455236289,13.080153307031921,3.3036553020530643,1
B,Z,12.160057802143143,119.0703346784683,10.533440166106196,3.1885365555832883,0
D,Z,27.813154583830567,124.81685336459182,31.32272233266199,1.5014748223505547,0
D,Y,27.19560859038951,89.88632668484478,34.45107625444905,8.944554783509902,0
D,Y,28.88481628204344,100.19258216350795,43.69965717376776,4.383590530778864,0
C,Z,17.977460680860382,119.91490502371505,9.19733530766713,8.519990139486222,1
D,X,13.523889723919668,103.97877521255955,33.96753403348008,9.913395613783011,1
D,Z,69.50239692479441,149.723649161305,28.488011055251583,6.918806113362662,0
D,Z,63.08350913381823,88.40931915673436,38.524205610869245,6.401616755018677,1
B,Y,48.04657964243079,137.74423524953403,13.940268531686462,2.6572731003439243,1
A,X,63.86043130800036,149.97343817850913,6.23831874336996,8.229695720939777,1
A,X,60.573075768813545,79.83444283814612,21.044655673957884,4.611885018818419,1
B,Z,25.17197010567528,90.91558974253188,8.943544239783137,2.2041653375633334,0
D,Y,10.92666660551342,133.717660684747,47.655489774712834,1.4613769061289728,0
D,X,52.95338326530248,58.72858314192179,36.8782478876759,3.3685724682532294,0
A,X,50.28211490236186,54.97114245479527,23.040314260008405,2.152982454913886,1
A,X,43.45442175449325,99.36137437802148,28.165677609959577,5.413811616306519,1
A,Y,39.724306811492895,139.5967954196076,6.795964659493169,7.080726729216799,1
C,Y,90.32543015359883,109.17702289136045,18.05885701192021,6.8619063501034265,1
B,Z,45.660276807160294,143.38896033179736,45.450784683419975,7.622295121055129,0
B,X,53.567202885172165,108.92320188467126,13.279975335107993,1.3531933139557315,1
A,Y,46.153808035412915,67.48785327327064,42.164590594117094,8.345245553573463,1
C,Z,32.76296909597113,51.53516714440421,20.61838205080725,6.132960197490158,1
B,X,47.27480118658882,70.35621249395302,41.73793184666526,4.328502152298644,1
C,Y,78.33162657934417,115.12125362015654,7.288086094172662,4.523270696508375,1
D,Y,86.29687520416134,148.20785874267685,46.08602448108447,6.746585318279555,1
D,Z,88.26306543677526,59.361968014182665,45.189705119233736,2.138822663883915,0
C,X,23.399142181154318,89.50721524622014,36.85999917290481,4.721970885907995,1
A,Y,77.97592229585294,120.89443063518559,22.106031423374638,5.028120825881333,1
C,Z,95.47013260223783,107.138244487818,49.138566987643145,3.6207849867429576,0
C,Y,71.31182763481607,119.48916406290708,18.61894778031553,8.964647984818356,0
B,X,15.101670632067213,134.86584945748922,44.11487400515608,8.816287274637148,0
C,Y,73.17625894456854,56.425931296829155,26.541380108922326,5.006842320387082,1
C,Z,44.043771472523666,84.55777953327413,31.345747092928672,9.296328971221437,1
B,Z,88.65646518177307,141.08618112685826,24.241965568972645,4.749054031827846,0
D,Z,75.9906628859481,84.04778717898112,14.206726593728483,2.344638786054416,0
D,Z,52.076188645802205,94.94855537436925,17.90983515335124,7.709731265982504,0
D,Z,41.02642685824681,76.84836702129516,28.54223533677931,1.7793046658006721,1
B,Y,60.00662813380094,77.98184493481463,34.787252008220975,8.605915271023509,1
C,Y,14.912625082513346,125.48506600283802,44.41263607043474,6.898631327250673,1
B,X,95.74993103172085,132.22471943584281,40.326853234183936,5.6017175522407365,1
C,Y,72.57022634855112,51.96491724395542,38.18259234836957,6.447480579637687,1
A,Z,49.68300569718154,147.41154339502884,47.848756228685446,9.02389649926357,1
B,X,26.354703065280788,121.82988248789114,41.67640102563604,5.7643865500577185,0
A,X,17.928039077239802,98.30157841177872,5.7096064171309,5.880566484196705,1
D,Y,74.86656558881964,103.8469220465179,26.378172672316285,6.54019625803196,0
C,X,64.84337656574324,129.7291129597229,41.68664276014401,9.717166922939166,0
B,Z,64.8019001964305,99.55862073398643,9.870776614992653,3.2846329857260086,0
D,X,28.144688006781976,50.181023950914394,23.846858409186574,1.8763431303425357,0
A,Y,82.1143148869065,137.45012442445704,30.460466868910178,1.9849938323507268,1
A,Z,23.664110132365305,101.28607237011482,20.8293468005335,1.3037043409016782,1
D,Y,57.70318739241703,56.17825445962674,25.100594164867225,4.733481502235579,0
A,X,90.49406811731117,114.00614375793194,47.5853422941083,1.83533979089828,0
B,X,53.626494307357724,65.61884288130952,15.304230815160937,7.258198348047937,1
B,Z,25.428465980113167,135.00470460073626,47.83067189711159,6.270089177403279,1
D,Z,95.12130179694918,119.2806777351207,44.51199334615888,4.498098062203548,0
C,X,28.114700432062275,93.17694390366464,31.40680570178947,2.542024990127041,0
D,Y,84.64751808515241,113.23201333116,25.299238687910595,8.289230145894733,0
D,Z,67.43637802764246,80.46082713181934,6.268153434224539,9.8861230948926,0
A,X,51.14250732003011,125.63407988525451,19.70003127759889,5.085697477245768,1
D,Z,86.23305953506849,121.66291233278541,17.75065030939806,1.2772898943900812,0
A,Y,65.42100767434776,145.4916546479095,8.836304439959347,7.170729517223797,1
B,Z,16.69883659956055,69.5640867548955,32.73936443165827,9.032248652270408,1
D,Y,49.829689320867836,132.07012700246275,24.576349732246833,2.8505271193973627,1
A,Z,76.60593254326973,80.33077948152219,20.50041872365227,7.485732957227421,1
B,Z,99.22441148155228,109.03701588814317,33.49652196926043,8.210068360543032,1
D,X,19.20792716513528,100.51335995571455,12.267675963316732,4.896544536694083,0
C,X,82.01393235597746,127.7443779019099,15.27245851053287,8.456476073341786,1
C,Y,14.659387136670379,90.94654617109913,6.297098848843199,4.981446364132449,0
A,Y,69.0140610752711,85.97710404902801,6.502156967899941,5.36662687289179,0
B,Z,70.69157703351425,128.20125449143669,8.12035785960432,3.806988908291731,1
B,Y,10.634585948407832,137.43157062549014,33.30811633542942,2.2749384139894233,1
D,Y,90.40449231398985,61.83647611815031,40.56282420917597,4.286919972689352,1
A,X,65.56538302558248,64.97881815784811,49.17278633149916,6.004519151286445,1
D,Y,11.68980983395381,95.7261962680169,10.332088687497325,8.200926872477933,1
A,Y,69.34998684139663,65.79264260046976,39.08203806566783,5.047024896874171,0
D,X,97.78903682070398,60.38646117882189,49.90037533747462,7.886848569816242,0
C,Y,97.37562030980074,105.66369085456334,44.08537358020923,1.616434183780162,0
D,X,61.32227469095835,122.33765098543806,9.297048418083586,1.2461287485368686,0
A,X,82.87266483281844,133.42809368318092,48.53898020808167,8.254387595183426,1
D,Y,50.64728606729169,83.59056884657636,43.75981516121886,6.42124843266545,0
D,Z,12.735001532256103,61.84475029334294,22.042954030490908,8.230306680804606,1
C,Y,62.36783990877724,98.4767194768175,49.626009366012845,8.257481385114016,0
B,Z,30.718454876849385,120.14806737403023,45.2710651708058,6.251520951053602,0
B,X,69.69771555575758,140.57603557171655,25.295621918663876,2.1038233519548486,0
B,Y,84.64132643189355,138.46270794556358,12.881886485089112,6.046689573912775,1
B,Y,69.91281730925576,72.88675481627071,28.151913011587236,1.4611703561970524,1
D,Y,55.251889272721925,90.78571771291111,48.832157127506946,4.948313867578446,1
C,Z,78.242774107923,119.51128474844397,49.078876281403474,4.679432809760153,0
C,Y,69.63830830204174,91.40328359979989,36.248970611860116,6.19764726776587,1
D,Y,79.69086159425143,57.936345564738666,10.268632658496506,9.632770971504236,1
A,X,18.653036885437828,98.2376791254865,39.86801437784662,4.793167775494494,0
C,Z,80.232965663752,125.45663694603671,35.734709725162844,3.9534494062703196,1
C,Y,20.638665654778876,108.53228851738338,43.56593956476958,6.239370380597418,0
B,X,85.82131494908519,135.33334897123848,30.151319301933306,6.0050984172896165,0
B,X,38.70951870643164,75.26749476244652,20.535688065951327,3.0187278428117446,0
A,Z,80.95509831340958,100.94652027799347,27.430815558562465,2.5968393811372716,1
B,X,53.321407595911595,103.57947967457872,33.407660395739015,8.155667615107074,0
B,Z,47.29181792569316,120.04139173545968,43.02319620948744,2.954737030830624,1
D,X,59.326972312602635,131.74517997195025,42.872915228768015,4.101583118956171,1
B,Z,88.39792416522786,145.16523643463026,27.669982952367498,3.5776545427052433,0
C,Z,32.37661942845753,119.908107590959,24.920607578035792,6.496350914812122,1
B,Y,39.26159982202102,102.11409404477163,16.09293592676599,7.428962138925062,1
A,X,99.56153595752252,99.452039161458,12.350098489634753,8.744376386836159,1
D,Z,40.60995229059069,73.77244378478707,11.458477485133484,5.000259034435136,1
B,X,61.83972118673334,107.32177553979153,21.51448854161512,7.448461839283288,0
C,Y,55.72830507909715,132.12441430419545,42.49374712902243,8.900540157065699,1
C,Y,18.39301393144002,86.50241645012743,48.21909030446267,4.125746468362376,0
B,Z,99.22959668408234,71.50541472799067,46.236666840597806,2.7447716801940305,0
D,Y,71.28300439429154,65.56587489800631,8.301520544724452,1.5301735277685893,1
B,Y,94.17238323433183,88.17788579044047,30.542576534891676,9.94575360431706,0
B,Z,21.84072925521981,53.93570421756113,24.560915102666478,6.285675782584806,1
B,Z,24.04145660417291,75.97171765722246,13.214701558080469,1.6023582189195023,0
D,Z,56.51398242181335,103.48742926297959,5.81354732421532,3.238325176631222,1
C,X,47.07486610613084,57.563817698578724,28.107425548456224,1.3284438704287789,0
D,Y,59.158613843415786,119.53975628571222,14.231135803572895,8.266261853017141,0
C,Z,55.65191391882671,56.52428939690344,49.606249675891846,1.6071554831581043,1
A,Y,24.579332892319137,64.39451862359073,30.54214074119464,4.166740873535778,0
A,Z,99.91013493387823,101.75015630802078,42.352148232192775,6.466212976285715,1
A,Y,38.01980487717299,80.76175457468459,46.995585019789864,3.2235446257313014,1
B,Z,76.22670502681497,75.95401969215936,9.302890046177879,6.187276137127806,1
D,Z,43.60078832886049,83.65288388694574,32.93756012721098,9.791443238168265,1
D,X,54.61607919926465,120.48444824194183,45.440699196959216,5.100087952725594,0
A,Y,76.58769845068068,145.10359380560007,11.271823559416212,8.785625057981433,0
B,X,99.71714077993882,119.0985013185774,45.953414885595805,8.9339890698508,1
B,Y,63.902403953699576,81.21262155765592,27.13491830814462,1.1386082853764816,1
B,X,80.71798593114829,134.70974956084376,49.73992438649132,2.088995924043024,1
A,X,89.09377442722548,88.7451415086368,9.651728006552496,2.736882997516236,0
A,Y,30.89518786245268,90.0534236761326,25.735808050054526,7.368984292521989,0
A,X,42.66506278510906,120.67040603371198,9.569720412893652,8.675252617034836,0
A,X,51.71866899375219,132.77888299834243,12.940024059371602,8.71763133514527,1
C,Z,46.12334927965391,103.97070709406319,46.71384917355725,3.2670031942226867,0
D,Y,85.84500407233435,86.63860437630744,36.235939427326414,5.4661617493056,0
D,Y,18.693161985068205,87.60515379036548,47.57262451199175,5.4640375897732,0
B,Z,23.039332378045465,105.19922203594837,23.71838901199847,5.765731667940043,0
B,X,81.25203689346824,113.05620582959412,40.46260674676374,8.830677188129723,0
C,X,55.70750082067189,65.6049384730676,11.389826942599626,6.967053066959786,0
D,Z,93.55121916498794,125.43536498420377,48.36634722251657,6.838497159130875,0
D,Y,48.87442621807178,74.55615207059898,39.207695737369285,7.383510912505904,1
B,Y,50.18131338113598,75.75989519453181,18.726345385794424,5.866106008579873,1
D,Y,26.20092483770562,149.82901914774294,29.55899838688358,1.5806322890853342,0
C,X,89.84176334705772,145.0978046998988,14.443801847164584,7.187214484375977,1
D,Z,85.24868507107736,97.52217216354026,27.29864750777396,2.5694714663042184,0
A,Z,60.595953067719776,105.03802593848302,35.333419397367564,1.0697609579207321,0
C,X,77.5130820370688,114.08665246842769,30.119537296381516,6.043307434820584,0
B,Y,22.22093869321351,130.80428584244288,6.553560648552651,6.287416089953693,1
D,X,23.191933705192678,126.55079091997789,41.233523236462744,6.6233773359056265,0
D,Y,91.96033830027882,101.26061870364714,49.333724033921996,9.501251740887685,0
C,X,79.23112103118281,94.62344301354813,19.364576059918694,3.952544734231167,1
C,Z,45.275859957888684,139.49215698830398,10.691329653285568,2.624395924492027,1
A,Z,80.35225675868826,127.4275096913269,16.728176352082237,9.18615743485594,1
C,Z,73.47290385267272,124.2797527420139,29.481060815566806,9.687110325284808,1
A,X,20.87015785063484,108.16858515336318,17.24732699396717,8.24958498698092,0
C,Y,71.58262945009238,64.63091041185822,37.329885013893644,9.541415757889137,1
C,Y,48.255592127232674,129.37291927523805,23.53170873698466,9.68071357319478,0
C,Z,72.00403649537611,63.9908355560932,17.280887579303442,6.776047471422892,0
C,X,57.09766960747199,72.88668849185831,31.54115588392265,3.976580442734214,1
D,X,44.245175951616744,118.94250234823868,14.24238359117391,4.373143983635053,1
C,Z,26.497715749148472,55.50441785638467,47.18623043944898,8.250535333768973,0
A,Y,71.46397803802384,137.798721935288,41.666373701325895,1.2519197570041594,1
B,X,19.350358392580755,139.26602141030395,6.993683419971676,4.538710914511735,1
C,Y,34.3889765522802,119.07989325532792,33.917292757772444,8.295326410979186,0
C,X,93.26979829326899,112.47665697357124,12.195187135839024,3.4767883394346097,1
B,Z,57.968388970404575,144.21289736176976,13.71728070474045,9.576641356691574,0
B,Y,25.283930394063532,102.44160357214167,12.050202569199447,6.240816544797621,0
A,Z,54.65286394796172,60.07345605722624,20.81748021993355,9.949403440536974,1
C,Y,92.35100496477254,106.36339507378713,40.25951795925402,9.213898806137625,0
A,Y,86.07507673634332,138.33845354606592,48.27905211259815,6.2543538682158575,0
D,X,72.35941124591008,99.22242364970253,36.58142316777442,6.505622925268209,1
A,Z,32.76590216954934,77.69245062241863,26.917652151697354,4.936466714338583,0
A,Y,41.163420502977345,59.81875385095415,20.589521694256128,2.816622171653542,0
D,Y,35.33370992496086,129.3806181513509,43.897386954876865,9.485968650034277,1
C,X,62.91185785955542,125.99551860363725,46.74816487935133,8.147713173061188,0
A,Y,76.04539510332455,143.3040556833801,20.832839888714673,8.26002083625304,1
B,Y,87.14991476083344,71.50346631066901,35.445215783805196,8.950842774930177,1
A,Y,75.2683659088731,74.53958685840777,39.29540225274136,2.5760211970509554,0
A,X,90.93041842546212,117.96649615050819,25.727144870618936,7.507613208274574,0
A,X,15.624179823393568,60.60704548819683,41.234099102173765,3.623371908146345,0
C,X,60.57551452051937,129.12878430351995,26.563913165199633,6.56393549236401,1
C,X,43.235091588457095,130.06619422774935,21.756812726793385,8.802996710229468,1
B,X,90.67354884482499,87.97868617988392,35.298169724066014,8.179887289599648,1
A,Y,88.11818487580645,139.01292260649373,6.570775228519093,8.281588462708358,1
B,X,96.80563810876355,74.12982458582785,32.19157361686713,3.7569633091645973,0
C,X,72.38175981644216,146.39137529630227,48.18684590677556,5.891996923893009,1
C,X,36.20975635520831,61.25809723395115,45.00008543987061,9.119679483599127,1
B,X,72.83303747624188,132.47741491561519,24.1711281156344,4.612781628454074,0
B,Y,18.359091974710513,67.27981422328834,9.298828160095116,1.4824166106655987,0
B,X,93.45753466510116,77.51620683145832,33.89760346835329,8.09861849305408,0
A,Z,33.8655299065057,95.55447730907633,48.80600386126052,2.3408567769858277,0
B,Y,51.300599780004376,109.2656005687886,42.615951143446836,2.3271544478451225,0
D,Y,26.969410607227665,54.30012511573699,25.525679977740214,1.1593485731692952,0
C,Y,79.20733836225862,78.79629165991486,39.6124502810404,1.0868384220714167,1
C,X,44.805881157174504,81.6319335201747,12.195289894018163,3.9937901011664407,1
D,Z,33.083202201653265,128.90503362468263,25.98538111091303,6.280949525789559,1
C,X,91.344627632379,104.32082834883175,27.682577933615267,5.2021459325359825,0
C,Z,32.23843495765321,73.43315971515288,37.95430194174163,1.4357822394512736,1
D,Z,86.08497084206803,118.09354592351625,31.375809017270182,3.214399515880668,1
A,Y,92.85733280660024,115.29969314258236,18.2137806551532,8.58573999764681,0
C,X,38.184224316925054,87.3378274307958,9.69840680667261,8.863824234269071,0
A,Z,19.309221156902048,149.4099362630148,24.925355602743497,8.64194142711117,1
A,Z,49.346465840489444,141.43849822893407,21.1159154342194,9.832492403701005,0
A,X,98.87453059655743,57.96095599824874,36.14592527901914,7.158828546794169,1
D,Z,86.58942453662794,54.74060177669219,21.688597742606856,5.437077160325689,1
C,Z,76.58602839674607,142.45125104433544,17.300139722755436,8.633202466977252,0
A,Z,18.482989070175453,128.65919116472713,30.59198627725226,9.399326833561746,0
C,X,87.32403536017948,126.81649193181337,42.489503565331354,8.904155932367217,0
B,Z,56.47679030334781,110.27262441796103,30.85584620213782,4.61494254419729,1
D,Z,63.63097518244263,134.52083517969342,43.24505912973254,8.741957249443898,0
B,X,64.69772254258282,77.430302456427,39.151383909066595,5.761306016502512,1
D,Y,57.22112357834379,143.41238919364474,20.093371238068453,2.594182826553764,0
D,Z,23.9340015193673,113.79353777553519,6.639492950535737,2.8948969081606775,0
A,Y,41.54484362687034,56.84573837729157,31.010355205475292,9.612487080713242,1
B,Z,21.289879938127108,114.74222723157385,36.57018090409853,9.528645927664952,0
C,Z,66.81774960866574,102.14359962194587,13.6640776648462,5.341911662782809,0
D,X,36.78386183616938,69.32177048448717,42.66738796755843,5.511265619081587,1
A,Y,30.362571490099175,98.8913307835461,21.130847651087407,8.092006980171927,1
C,Y,52.91910627262134,86.78244892904955,21.555483601721125,2.5971974548618597,1
D,X,68.40524253136064,91.0804673498906,23.694198726696236,4.85955078921647,0
D,X,34.50776277165842,61.57215917417608,47.585130129806096,9.71978575672277,1
C,Z,33.04275638764568,112.25164524391519,15.568541920631128,5.975506299808954,0
B,X,44.73690181685086,98.17232206487424,20.83730725426735,9.86744540074439,0
C,Y,56.14586828049412,111.16906212225737,16.668620023100218,1.7417924386087154,1
C,Y,48.501403394938954,106.47720388032882,11.066961402324978,4.838682696435264,1
B,Z,60.05982374734297,70.72910646548695,14.331646553329904,4.443079282033527,0
B,Y,87.72460504985102,124.54192417082031,35.147321993440606,4.572220811641907,1
C,Z,80.62018244922594,143.44275042383066,29.40775745705661,8.027176962817697,1
C,X,43.25867292639733,72.00291409112452,21.326502673588696,2.305323524413015,1
D,Z,72.77659843261804,64.49338314167522,33.38613879183798,7.113052362126161,0
B,Z,10.600367736801195,90.42332030832168,39.54383463231041,1.7367894142017368,0
C,X,97.11757912626672,54.447963179453986,14.48488516077441,1.8439403233174252,0
C,X,10.450795337590607,78.96332136296225,28.30175043882825,4.038723540674421,1
A,Y,56.794041358265744,67.49796796149383,44.372855994071415,4.411963030481485,0
A,Y,95.74846420047655,102.36024576325045,23.265713655950087,7.535547430282814,0
C,X,34.098402266230615,133.51399208836463,19.526783493010107,3.0665171272348783,0
A,X,82.24517525028268,62.66432554741819,39.93623508453674,1.744942064492374,0
A,X,78.78942673466089,88.05034876073985,18.402629578201875,8.218008392410164,0
B,Z,94.13106210312202,131.2178548010631,7.9753004197246025,7.984508257807043,0
C,Y,17.36257372757092,146.95935101296624,39.92053761498911,7.337059490024981,1
B,Y,84.24117305192168,75.37774640897779,33.7170516628736,9.529596609374602,1
C,Z,95.29398461974536,83.8646954388984,10.264897599585403,6.32241755957133,1
D,Z,78.085089935709,71.58416539074264,15.937306035627373,2.2705081181248423,0
B,Z,11.825378397736909,93.19898343730866,42.049124718747954,2.8204375182480517,0
A,Y,26.54573638637949,57.3122204630383,23.399084120650873,2.5145027679103866,1
C,Y,95.35403872631994,95.07298901016517,15.126222515496044,8.618744439982226,1
D,X,84.70397781214031,129.14235341325377,32.27108823096766,4.859809042026034,1
B,X,81.36493687771166,93.15374076499344,30.087598979816242,5.479840696064663,0
D,Y,30.77199751334554,76.89322668754875,29.777261531804665,8.946625081327316,1
A,X,81.46563303733068,131.67578379656726,5.215372254113639,3.0932790063855347,1
D,X,64.6596333979834,112.88121334515974,21.102915846336536,7.805070798915466,0
C,Z,96.90262800565259,62.187827662367454,40.42657559703077,2.7744272856146606,0
A,X,88.1473119226136,101.24780374085279,18.531359168261073,6.450888274544205,0
C,Y,97.18801499477208,117.62092503328995,8.531902352094932,6.172857619786938,0
A,Y,60.56680663889952,135.03485924354976,32.46848722436734,1.0792340954529354,1
D,Y,45.981266041529516,103.78440495626396,30.331396546282132,7.003549475188673,1
D,Z,51.37196511538716,60.17880248573792,10.6130213180011,5.833118895879226,0
B,Z,53.14669184866557,106.47690257526878,44.07040948556627,8.837550934094613,1
D,Y,33.70524747911736,148.6567478661999,9.929696794464979,8.131718804391259,1
C,Z,48.74910080833484,78.05986549696873,32.89962584847685,9.515241161941729,0
A,Y,45.44405864270291,130.1253531628254,11.730485467884442,6.724356966957931,0
A,X,20.98871788491033,130.1573839252738,49.98882729696211,6.479257806254699,0
B,X,35.4671944389807,112.7709265496338,45.77776379564765,4.346005780865978,0
D,X,11.646571694773483,85.08221443261084,48.84212120662505,1.343779266879048,0
A,Z,65.22697480442397,113.26846493378874,39.17598036854544,6.376852861576479,0
C,Z,16.69734043779862,75.2742115207334,25.99371339570782,5.228456344349822,0
B,Z,34.4472604967394,130.47143739626048,18.018834336299562,3.914478074304288,0
C,X,24.04756694857025,92.08417518567563,48.932753940923256,3.5788674168340853,0
C,X,69.42222061069673,92.19159926861505,19.38405556223909,4.530150896843589,0
C,X,82.12729280522284,148.36854348469353,30.18592331173877,4.205641702214045,0
B,Y,17.89228152486918,148.21505061299717,35.75286909068819,5.730875485153587,1
D,Z,86.87743989566597,57.9640393695383,26.314306958822534,1.7161688439481892,0
C,X,77.6426418760839,78.11717785290402,33.51848370752808,8.543275639777601,1
A,X,26.864564496061224,85.56939138221858,10.778800697370436,3.9547765780916833,0
D,X,87.76613616690848,100.83389128411446,41.3590755575224,3.188581847446829,1
A,Z,89.78124296969341,144.86778814088945,47.9287318363999,5.6327630972967695,0
C,Z,22.62535479809419,54.883723800820604,13.36716899830767,6.813436752192429,0
D,X,28.67023281234352,67.54517407610024,49.946619744520994,1.9397306310422877,0
B,Y,84.23644525931543,113.68087220899854,38.9283173753619,3.9323375507970395,0
C,X,27.73633183243262,59.9714617362491,25.458186585742457,6.6188617096844045,0
B,X,58.25344984369813,54.95571644327924,43.873656012551606,6.081603971306778,1
A,Y,51.2233112803004,72.13539076398696,46.21413305754643,5.272119236003766,0
D,Z,63.62632807907633,81.93989947003678,32.781692273747865,6.759284491250061,0
C,Y,92.99334645589096,68.36352163778521,10.379335275753128,3.237546887692047,1
D,Z,59.74496899022493,51.38919513102699,14.682196387839145,3.354216159512098,0
C,Y,34.997990943305844,73.44986319972854,28.684426486529507,7.14149284913591,0
B,X,29.250899575810134,108.39227222965216,35.55395448684276,9.181310587680384,1
A,X,92.28728910301693,136.40879208113873,7.9678784520056904,4.4063971662607715,1
B,Z,96.15771670081524,142.94427075916371,29.461831405383332,3.6487418182909552,1
D,X,81.81349398992437,80.8996069086428,32.500343728028014,9.669073850895796,0
C,Z,81.7248663011427,58.24670937711009,43.57819636632203,2.4756583245424446,1
A,X,29.479416621148243,132.6735469332826,48.09665512331843,5.896406020507884,1
C,X,12.953052681020797,74.84070588537483,7.759238518186551,1.1249297473164162,0
C,X,77.42835305539711,70.48738415297831,23.687505418542298,7.453538336928256,1
C,Y,88.26496844259695,109.4306797440642,24.294239367630933,3.912921050621573,0
A,Y,66.95402164096058,149.85350329893427,23.581167772583726,5.846989213023149,1
B,X,58.157601744364364,116.45528688890924,23.753495496783728,5.172270471360488,0
D,Z,88.8077416106688,56.577009740928865,13.68745072881762,1.3570283057858739,1
D,Y,30.585287752371116,72.24120808269907,46.66172502775411,3.957348124857801,0
C,Y,85.63924177324944,121.67285751367011,9.429684562832898,6.177649861006227,0
B,X,44.14649138076289,51.06774086604441,7.2709016433225315,5.395170964743425,1
B,X,28.33357596112883,51.269141659815276,45.57695271514438,4.046891619075768,1
D,Y,69.62737377170474,113.29449446773192,24.072417386626086,1.5063857985231506,1
A,X,92.6785414135482,65.07695976726978,11.553734021374812,6.015433299756838,0
C,X,31.415020146475143,104.38784124358341,10.095014781363723,5.012990186042572,1
A,X,64.46656806596856,59.372397052273485,8.907294730464345,3.3064393092518425,1
C,Y,41.28314890219153,99.01689611206048,38.62032793058466,9.045395399911966,1
B,X,52.40935261363899,79.25510963460886,40.050315295392714,4.451878575867252,1
A,X,18.826453167234504,89.63906538802331,40.46747153422815,6.553461277168223,0
B,Y,39.96510890182767,126.49173011646225,13.248840641101726,6.633242604542099,1
A,Y,79.26078106904664,61.71203449638399,32.9253053643756,3.9695377878121287,1
A,Y,90.64806317566405,67.6768735284379,39.57398363381924,8.846533954424366,0
D,Y,11.904028192668633,138.51591320024676,17.520890725669496,1.5819486014464155,1
B,X,59.81829448530779,121.14327940238307,43.15338836795839,7.503104549677127,0
B,Z,47.60318902200471,66.19111968529104,46.476054168992135,8.928540243905651,1
C,Y,52.4558711068967,69.79803963999777,35.539176208715986,1.8982610831255076,0
C,X,22.090141845707997,84.38444013992773,38.60428857131634,7.384774973862773,0
B,X,71.83174169736235,138.6533192254603,23.988074264995316,2.3395195196626255,1
D,Y,73.76663962037199,70.87023055817701,40.74150358239638,8.920848462823296,1
A,X,41.35010430552174,66.18160150802085,13.000692090612342,4.4912355283472465,0
A,Y,89.39630364403399,75.46393871548948,13.912825471279392,9.583892639944922,0
C,X,92.65168423858822,105.72745183563418,29.980371788229032,2.2996177188667284,1
C,Z,60.642570517219255,86.15318506893803,25.030155472548003,5.72939969557198,0
D,Z,46.843139905538585,149.92792648456816,36.58480656517986,9.114017442593404,0
