x1,x2,x3,x4,x5,x6,x7,y
B,Z,54.23202416744311,74.56870606502132,31.53315274970357,45.420439273961875,0.9341209090984424,0
C,X,71.64935233014067,13.041303603810018,30.15102838095878,44.7483360069431,0.924877876903847,1
C,Y,33.76092816165573,9.309413826813795,30.699195058985342,42.179775061093814,0.13997999351943868,1
B,Y,73.66152665386507,78.71049267171877,34.72022115248422,39.544320082786754,0.24505451738093387,0
D,W,49.099369312766896,10.688555481317719,34.37975778068168,25.71054533360776,0.3257665131231565,0
A,Z,42.97754340849933,91.61121518467324,34.954002085610696,12.810066388944858,0.0672379448548468,0
B,W,64.76496999019542,81.97680753188861,24.58281185658543,16.060127532152748,0.6546570453795016,1
B,X,37.18761884033517,50.842290241463026,27.755484731347764,35.958210163981015,0.8291205698323333,0
D,W,56.181821317902894,47.648590310161765,37.1326030227887,38.377360722760805,0.09269133026698584,0
D,Y,51.69256608805306,35.322500813577506,24.476520850965695,33.332408927451624,0.6580244728570144,1
D,W,54.859797294106926,59.263646256597994,33.82496140641285,35.192670224892865,0.508315579775905,0
D,Y,38.59374844795573,15.958529447497272,21.8687233992283,12.888471647138218,0.042150251220400614,0
D,X,58.28098455413411,18.213337771040074,25.854900210869175,41.766212059233695,0.41134897240545065,1
D,W,52.19886890106525,18.037520020736576,28.75946525995639,24.05441017457168,0.9552678060423144,0
A,W,53.514840708761184,96.15740164457576,25.376185436984677,35.55848842653482,0.1465702843722827,1
B,Z,47.39775350413462,90.50453538970243,30.03198802186021,29.714801940816002,0.47525305919731764,0
B,W,59.433331299417304,78.18443698461644,22.06518334941348,20.51487785857137,0.06665975914842792,1
C,Z,62.50076394746361,55.39942264833314,32.4403102307265,41.94713020334805,0.40967214481106196,0
A,Z,65.11728301219475,54.467115439473716,28.49560265126738,49.3536262774889,0.5611802576840412,1
B,Y,49.18599180775276,73.35416188557096,37.11654545067786,39.95601830317093,0.4855181719189573,1
A,Z,26.225943480088063,15.995873569504127,32.22641725523128,33.70307152728696,0.5454787881325771,0
C,Z,65.17869637864857,54.51083257715064,21.187330108165447,25.659330574955327,0.20716531057020038,1
C,X,49.947028657110586,90.39898515717525,39.22286222840967,21.145737313381666,0.21356845688250592,1
A,X,50.375435142205674,92.89773727639997,40.373061605277925,30.55600214002347,0.39614717073662375,0
A,Y,24.082360932820773,37.112981862202524,31.31654657287635,42.61807248849617,0.8059267366365327,0
D,W,47.04801240328686,48.50512640373515,25.553848781598006,36.91520537465631,0.42314065796833544,1
A,W,50.74804994751484,91.17921672312328,30.557862373072012,11.536672188014654,0.8510472034636296,1
C,Z,60.35121695354012,33.15656383205212,32.78591210364909,11.805577387443925,0.6365454619789938,0
B,Y,31.323219983677507,71.63172773005817,33.13081047890367,39.24305206198551,0.09418369673524762,1
A,Y,44.56468689936682,31.505017653961065,28.810051991441032,47.32603271003172,0.9088222261811834,0
D,X,40.60651997907756,72.33588557154825,27.431499027537875,32.326706294823,0.5855591493198892,0
C,W,65.02078513224451,50.26469794826354,38.07253602416509,45.5466554478004,0.4204095555039036,1
A,W,35.237701315953174,60.02917266455194,28.638370966032276,25.852731640731047,0.8859303407161346,1
D,Y,48.97115427500258,98.15861169514494,33.18270938797489,29.39870094020034,0.8567842140813451,1
A,Y,40.40165606226579,58.61766087654915,30.304707408862228,32.054694498377714,0.9242972908759258,0
D,Z,61.2024704227273,91.72153576215369,24.32156147865779,27.914061364329168,0.8832535283675993,1
D,W,51.97130869241032,27.41547545304208,37.779707470327324,45.67355044438666,0.4818904929173726,1
A,Y,52.61105141198012,0.12363920523498217,27.35738167689615,42.69609954995021,0.8927284841981362,0
A,Y,54.901699838395814,43.02589904951649,32.28934724566882,15.466713748730454,0.3609400682090712,1
C,Y,62.59779864166386,98.21395447805092,38.991999790990604,26.590626369608252,0.3918219190135869,1
C,W,47.575338450875904,68.73788761714016,32.803642072014746,36.806471815427955,0.6776684774043462,1
D,W,45.644033054942085,16.299256066947976,30.180664309213334,25.75960212092316,0.8808738520473046,1
D,X,71.95758782699042,9.323940614389203,31.625808697613394,25.524455961001706,0.7930810770492888,0
C,X,73.03303828460977,70.56495295813802,26.233163495702275,17.392805587905976,0.6564832481289314,1
B,Y,42.519056954494516,22.537152489141732,34.2782890122135,29.316544707751987,0.41540810537017614,1
D,Y,47.606859244657805,17.351507654591426,32.7269145564563,32.98091193631039,0.8348549766201605,0
B,X,53.59413825289782,79.53704350926606,25.737141165246605,28.247524372574855,0.5442162910755173,1
D,X,59.457852690031324,51.23534349649371,25.217416882813414,45.11830896520115,0.4262304109557493,0
A,W,52.05746160630015,37.85563858706881,31.944450664158136,36.48648779422875,0.7123458227439411,1
D,X,51.80771359253833,23.525848854120422,29.07268262669642,17.5917596942123,0.514640965944351,1
B,Y,44.87745347024965,41.99111422428189,35.351397862774796,28.187308752192557,0.7436891401753917,0
C,X,67.28510612159113,56.99962154879058,33.88135935497286,16.333392975484813,0.9376544047331941,1
D,Y,50.7152994053173,94.58426749803758,36.645777417634704,38.54559760206991,0.08590648867952844,0
A,X,47.16366566747256,24.048527783308018,21.52929005515741,45.71688563101216,0.040326410370927435,1
B,W,45.41883783019217,56.70717653686922,34.33614965743765,30.306084470905535,0.9089088826560277,1
C,Z,64.36293437893632,24.995769891332397,18.996091211459124,44.87949406838205,0.2348852607134706,1
C,W,69.31447324893131,31.376998613054052,28.873920949250873,16.567040019259586,0.09436458712757456,1
B,Y,52.324874641815825,3.6658445334648126,34.102873536622205,10.813655369477576,0.23821413388115065,1
C,W,65.4127489729321,29.078414079841785,33.4055675775251,10.958294176333286,0.28816770365146205,1
B,W,65.818504523889,14.330501644068239,26.94366865882056,19.432058570697972,0.5085426084233663,0
A,Y,56.41366457126922,63.77801547191243,31.435868530902916,27.917992336553084,0.8380642381053001,0
B,Z,56.31096294131734,78.4283356999275,30.444323872071934,16.21368397043551,0.7441215747010509,1
B,Y,52.37026681674375,23.205892850502163,34.218790147777455,26.175493734359627,0.30600704046946736,1
C,W,63.077430559778364,79.69799718323578,37.204645342090075,14.015813913325177,0.7888325594985498,1
B,Z,49.62611379764658,52.855251935775506,31.179456002067774,41.894781667750536,0.2752838161757082,0
C,Z,49.92872306723797,75.45939681345256,27.197037439628886,17.26863682884001,0.22354321869784066,1
A,Y,51.174209743844,73.70362298985668,25.75456141391472,19.18026949855814,0.8658649862900695,0
D,X,58.08892638136106,19.149202595761107,26.801606753171598,39.24702804210685,0.912168457973038,0
B,X,58.06016169386069,28.326128319782395,23.993596147577282,44.49068914020245,0.8860497048077558,0
A,Z,42.80134368242714,36.329644478027475,22.97423682577805,30.06659962648889,0.5658943865138975,0
D,W,56.684059354688735,58.55507643520508,23.232298121447762,37.81354740586922,0.6213990462353308,1
A,W,44.66589552731491,0.30425165939924614,35.87992668798485,23.720187888090184,0.9660586655480925,0
A,W,51.548549460296044,45.84078579726308,29.50652676649805,18.090885671359935,0.7931010464687074,1
D,Z,38.53230128367228,75.49551647596937,26.095620630083353,26.853304891044,0.8145105353289787,1
D,W,69.43068718018276,74.93099402005912,32.395927016345496,13.995494724629488,0.9068454684296546,1
D,W,47.880630266013114,92.9453425032738,35.21446229301054,35.79063462572324,0.5013237891801019,0
D,Y,46.68311342144196,79.25676126360138,23.827765097382773,15.137118150729375,0.12140770813820145,1
C,W,61.69886727764463,37.13416207368472,31.28359275466483,36.74622737509736,0.19587966964573444,1
A,W,50.30331158001222,92.6128936772135,28.39622491057019,43.26533898410588,0.6933273559739935,0
B,W,38.24987347735087,65.51004639190734,26.35413238344011,24.238588876351784,0.7153848246415931,0
A,Y,42.40965574528311,63.49512645566829,27.682869847710545,43.73950696579507,0.4870297474210441,1
B,W,57.35715670735078,2.3017588999872274,24.350521410916656,45.92297188466801,0.4147284649061772,0
D,Z,51.59747790012562,82.27266535309407,21.160626442970816,24.84448955535742,0.8516829687390263,0
D,Z,55.737613737022656,92.64589342568917,32.390531005089514,33.247664055952825,0.40547737367154324,0
C,Z,57.0481607910893,60.751892979903985,37.328621761987826,29.468033056468613,0.8470221081472934,0
C,X,52.70507625220037,85.0124275416981,34.363143860458194,12.075466955544364,0.5635984204774134,0
C,Y,53.41305624852166,88.87914957931893,37.22273617019173,47.47617902136173,0.7636142087047424,0
C,X,45.461363037098316,16.79900614972346,33.56393103499431,31.60128035762295,0.30759137201274345,1
D,W,42.78288628372376,41.82896564775951,38.47217563217957,16.205628642838143,0.4440233855651934,0
D,Y,45.93009581800949,44.42811830893674,29.935569955492014,48.53621723415398,0.9920163499655742,0
D,W,42.01176426921745,59.61710994834634,22.9280339568298,37.023349667472026,0.4778851803382185,0
C,Z,61.84772261431169,98.77134442253686,32.32409547130244,40.64985794187945,0.23303038605879622,1
C,Z,46.240497341093786,57.79842848055983,37.19352613017523,16.501774777329533,0.7519408225256519,1
B,Z,37.02506808896277,53.57660432819205,30.06904443529468,17.167017433126844,0.37859152657566886,0
B,Z,43.59735371453462,33.04907006394141,20.05924120843287,27.34696960154768,0.09354586130756026,0
C,X,44.73814675950956,53.19540580480789,31.127011870654083,32.3576595246268,0.8944844838493194,0
C,Y,34.40329984427988,77.66182649975435,26.77815472593876,22.042308405345217,0.06011824351576711,1
A,X,48.24987134740211,88.84303807969026,31.742871242558227,21.957796555000968,0.18263619235428508,1
B,W,54.57633066487021,84.791445391319,30.438545173898174,10.37232157354152,0.7657917250091834,1
B,X,62.968080994126666,47.46181339165844,25.210651660695497,12.439893473947205,0.08584620965611178,1
C,W,52.52007380846637,8.247163531977508,31.009193773954838,40.39754296507695,0.35296275110812014,1
C,Y,50.17857705294784,92.04552802237048,30.7394013602438,47.78935390075398,0.5909410202801548,0
B,X,68.04101933039267,8.716676990722549,22.47834176569273,49.66132246912371,0.48660054747103376,0
D,X,66.77832721952268,5.146023170074388,23.34053059662164,17.82028759052779,0.5912852524677021,1
C,Y,58.93456508569988,88.23271546037505,31.82349661960954,13.854534730037633,0.9064807218970585,0
B,Z,64.45216145799824,77.78877344554719,22.33123186147991,22.586451682327077,0.4900850974736952,0
C,W,55.89445266120584,37.05386259587499,13.55901500962738,26.575950897660448,0.7964302702931741,0
A,X,76.40652519574995,6.312219931845641,28.534629217272347,46.56616490499132,0.9149097412170939,0
C,Z,49.235072059185384,35.937005250938135,30.847132870241232,22.030362286459425,0.18771483228847186,1
A,Y,44.99971246521122,24.776050708591413,27.93214890206982,11.395908362609134,0.5037524843839309,1
D,W,59.937915149879856,35.09326089822967,33.60702861825233,23.17312049679061,0.6886535646216057,1
A,W,49.79453981387441,70.46375566626469,42.9917125587676,13.561541784959395,0.8011163528017943,1
B,Z,43.00179091596125,93.07068338911012,30.81083813079875,12.672319946821728,0.11031354049025621,0
B,Z,65.5425656007836,32.522143484825705,38.85672686135851,18.256356842667042,0.8987032067679764,0
A,X,56.47744341868063,52.079189185734535,29.458174913522818,18.2721308992434,0.06488044952385386,0
B,X,44.26767535839922,28.795366286932335,24.680706933164117,25.89686189696398,0.39668463636164764,0
B,Y,56.59604780272103,60.883251061864144,25.740759080596103,49.38428116717171,0.9071427792635285,0
D,W,44.844661807733644,99.32938753801383,25.078979167567148,27.56113616856293,0.34175612900267216,1
D,W,49.33229163239982,55.578279637877856,23.624230523116367,12.720497090685082,0.6861226370737472,1
A,W,40.48621168517037,70.96751501792396,32.55732538794774,16.587610510553787,0.6332563266260086,1
B,Z,59.83351838965098,17.514072642609126,33.128746882817694,20.51638036714889,0.05212600307035109,0
A,Y,59.59269763238465,25.746667212832698,27.218293947836077,37.04131236867988,0.6102432782518274,1
C,Z,37.753661909305904,63.747740615871116,25.922930310170155,16.550539842839427,0.004521974063821377,0
D,Z,52.705868889136504,97.90469952953045,34.33113733218578,30.245276825860856,0.9453104679860963,1
D,X,62.3050091103993,33.72666886408574,27.68882560248797,27.346752949452856,0.7001790918817615,0
D,Z,61.4722707819562,78.97761229320557,24.821291421155372,17.514860500558477,0.01811694385605145,1
C,W,39.61700948302495,41.446117004094816,33.94687864754649,24.62104120053405,0.8215938113525305,1
C,Y,52.76594274252523,0.24004891068729606,24.795739646782256,44.91471048681732,0.47091626806314824,1
B,W,63.32832283930801,18.955729908596652,30.53848574892771,26.061310995870713,0.35654281903104146,1
C,Y,64.6917031781087,96.73806764877014,35.634291816254866,25.792292427617753,0.515757051201973,1
D,Z,46.915090371097264,89.32284641260027,28.234900782795883,23.225992154397773,0.5948969049746479,0
B,Z,51.670011242970254,86.01291008145192,28.100235459083436,15.297302153167998,0.0996959381959649,1
C,Y,50.88774208594722,16.985273147532975,28.962276618934382,33.43543048345154,0.5396401732323955,0
B,W,55.895829231559794,46.94221491293251,39.70924699224183,48.06723600282294,0.5538301763175248,0
D,Z,40.57508500782744,1.382532924922364,27.28187389186369,35.0771094793294,0.20301607570759317,1
D,W,56.23779204869048,31.205446397675153,29.668856651532668,45.53308184360787,0.7211447268954615,0
D,W,53.78616357441782,1.730099043452693,26.892841404334828,46.151535518867625,0.6861909749775396,0
A,Y,60.487638772069616,91.76292559982662,28.807608722532255,49.57866600582241,0.06079021929137862,1
B,Z,39.308570051828674,0.7432602592774451,33.46828044052428,12.793987697283246,0.5504134191880781,0
B,W,41.03821955877575,46.38017365738579,27.83243072828487,41.0318141089256,0.7344087065082722,1
D,Z,37.28892086915438,29.142198961672694,27.954092863404234,28.0233317940875,0.03220767753212095,1
A,W,51.8913386504595,74.85565015716841,34.17212377308091,43.824287326158256,0.6611805895405265,1
A,X,61.87487143467463,18.12809012325737,28.306457669124427,45.547627147111015,0.1521434359902114,0
A,Y,60.728080914979046,44.70304389821589,34.531987725544624,26.683925308158667,0.6739957824428112,1
D,W,46.564503642270424,76.67846881352033,38.06712899723695,39.9011704062585,0.4192609008363607,1
D,Z,26.57774268546692,60.185578054735245,27.765337453095885,20.979257300517375,0.5698479327615196,1
C,Z,42.585159947407,24.311158060490534,24.28567941426566,30.44835611239289,0.18521759395655968,0
B,W,48.02203927475789,52.372179186726065,31.36624603484224,32.46169507535304,0.6449019366239488,0
C,Z,62.63240919072492,47.34552148061363,25.472710436129606,27.107689683213074,0.8921361112323144,1
D,Y,36.91765869638827,95.99765173552652,32.60639971985108,10.408090967665693,0.3843727401561631,0
B,Y,41.82122321900604,88.79610057443497,18.802236054753063,38.185603876581666,0.4052041197884152,1
A,X,61.897479904184756,73.3822557299641,26.097893842241977,15.051825951553749,0.5620115399813752,0
A,W,38.52326341003584,46.052278101958244,26.178694682015582,35.87872489000101,0.3597860986412368,0
A,Z,39.52102202236831,2.7044528986117977,29.505159241096035,22.715145961858717,0.5004944692036792,0
C,W,33.376213904598046,33.74398818123642,37.56743546669483,35.81036465199234,0.95674628749969,1
A,Z,49.786501959282056,64.64504616644595,25.39680375164025,33.42273383174497,0.31879094167219824,0
C,Z,61.076139677242445,67.13584100395195,28.42043821518799,11.772100720400598,0.8097730265432578,0
A,X,39.77923583911407,5.196038438951067,26.791483905747697,15.715462813231103,0.9282370747164843,0
A,Z,38.171881583445554,4.5652314999816035,28.109853829660942,39.28195611063346,0.39919963339246667,0
B,Z,48.17439325306211,42.11321551818388,25.17664491809021,31.968142132483276,0.3552047617218762,1
A,Y,41.677539193086204,38.776951625967335,29.136750546996762,15.684977202897539,0.7507584130573829,1
B,X,51.16070709437095,57.17827081992054,27.527838306885027,41.64045929448985,0.9748958738348381,0
A,W,41.5473326794633,90.21318397754291,19.9679865265698,11.61906287547357,0.36727875282657085,0
C,X,41.42717198918618,96.56226039055353,33.47354874414058,33.30182528624689,0.6355008438109327,1
B,X,55.18277572609859,17.735443848980402,30.395856933929412,17.684633596762307,0.39862118584945505,1
D,Z,40.92937753026017,74.11505336644726,31.3265931254715,46.092876975439125,0.6576844485280555,1
D,Y,42.45907501395443,10.947408919001722,29.67665280756526,37.130712776489,0.5757141252909377,0
C,Z,47.45933989681398,72.44548436039616,29.166582717285447,20.63967629508534,0.4502801710653772,1
D,Z,53.23940894242577,68.50064879454258,32.233077303588836,15.846066310101698,0.9367794945108668,1
C,Y,53.39037620055636,73.48371297766464,40.235520315341965,49.821343086820384,0.443860446703485,1
D,Y,36.203947024230374,25.927795224356352,32.920364313214634,26.46491855993224,0.043466891879887504,0
A,Y,38.303162057934,62.591175596623316,25.979086645227312,42.900517288089276,0.8720259283989649,0
A,Z,47.71682413320865,53.28496963510908,24.588953517009266,25.08355438285458,0.055190709282325834,1
C,W,44.393128100440144,59.33979248141493,32.70430244941657,35.06747193965798,0.564204240194437,1
C,Z,56.171991292177125,94.59631638846544,33.21934709916876,26.080291188095515,0.3501591471308664,0
C,X,48.47022336412882,11.504058622020995,32.55422982966912,42.05645038239129,0.8391470408901888,1
D,Y,48.06472166114051,7.28938480380995,32.96522140600909,43.78497421860378,0.1493109399067154,1
C,X,56.775230109229746,87.9955080182311,28.76833581840332,25.368825401800244,0.9943715856612537,0
C,W,46.969693123992165,88.87729686088515,27.37982360758682,13.446996686762906,0.03476362795937504,0
A,Y,37.61162589520728,75.259293740115,32.0175785525,38.97403364160783,0.48391764265934634,0
D,Z,56.23298931863788,67.28696570253263,26.322307778964,25.57249072003613,0.2663058535952064,1
B,Z,17.028364367623325,97.61024367027305,32.688996549116936,45.0794420669109,0.5179105336778016,0
A,Z,38.93877085989601,1.5302437057991836,26.6307897240984,22.774919142590456,0.36128405158817367,1
C,Y,62.004366953619694,45.37395913767093,32.61058896722493,10.342737096685536,0.44870876658432324,0
C,X,56.66688741893007,10.289158388783681,27.15139856627463,48.89402551380799,0.14687662508264243,1
B,X,54.27633378146974,25.974572264187866,22.660826486451608,28.926926306547266,0.5011734537865171,0
C,Y,33.781116042143424,92.31094969875545,26.747386094841147,28.050806969149452,0.6959608133857481,0
B,Z,60.89502338180236,90.92944979140664,34.518693585189546,16.561643337615784,0.9199044039398978,0
B,Y,48.008405207235306,99.98675909006563,28.531406988406818,11.58622193348538,0.5315811445730378,0
B,Y,57.67179766318672,44.09455153432552,30.655480628925307,33.17010287103727,0.3144679655629652,0
A,Z,74.55265043021683,17.447237683671236,21.687575189649003,11.709497150007628,0.8763613532762015,0
A,Z,56.90134639673197,74.47936163458242,26.859359139255556,43.96203263738561,0.5893262583339218,1
A,Z,29.33739138982121,53.11587816708134,36.479333087796995,13.899669101184111,0.4905973277759361,0
D,Y,43.595312872944156,4.402306957672176,25.96330462125614,47.132162203675364,0.19464114028531876,1
A,Z,61.40256952510174,37.39682827044852,27.876011963862673,42.5254744758348,0.8873792045335248,0
C,X,47.81232770487051,79.94744200465564,28.62262239341441,46.626844402259394,0.2638709063865806,1
C,Z,43.886094401295274,8.615576926184865,28.654545680295413,38.1494576528932,0.10641351656618026,1
B,Y,53.907626660955465,36.13384148171199,31.44594919823401,43.81570185300052,0.5965361845723711,0
B,W,47.37546928396758,99.53874805124411,31.49474946687081,12.913640219602215,0.678635223389031,0
D,W,29.040029175348447,7.752438439504727,33.2355814282784,33.07766124194724,0.3314417064402452,0
D,Z,58.29460736046361,39.22982291461912,37.563417477219105,11.524843004414759,0.5090390405519739,0
D,Y,32.74731253611022,43.52365314069352,25.792922485527477,31.120882750921055,0.48087244631843373,1
D,X,43.32661118487795,51.0340122884723,22.675520861853464,34.322189991517035,0.8909029401727112,0
C,X,38.84275431506822,11.991238558433114,24.915084941439154,23.33839405226597,0.7536865102661281,1
C,W,45.335186176748046,21.286122852721867,23.743087388043264,26.28780235246698,0.3680626245520481,1
D,W,45.68744912226773,8.924721852036676,34.13786102114581,30.772182726002338,0.4844424627152413,0
C,W,52.394255591838345,29.19386550612748,31.157951385553876,48.698979565247214,0.9717523605008084,0
C,X,51.528744077666055,3.5866090817346707,27.085272448639618,32.90814638866925,0.31276292118873483,0
C,Z,54.85249478733991,48.53267402800782,27.271187521120346,19.79634018512496,0.5951956656863336,1
D,Y,54.950711801297196,25.50696739435422,25.799948366753817,22.908084708471304,0.9277030580696022,0
B,Z,19.744088981071574,60.28863610217196,25.114689547857825,27.72398240607055,0.7929191444683474,1
D,W,53.61434403341155,54.22177435298082,25.84087046438519,14.846230146388892,0.373590430701763,0
C,Z,45.39056537405135,35.57643070646503,35.63885472223519,35.22752558890402,0.8651570848083394,1
C,Y,46.016748142279916,62.18834009212429,31.43496519418487,36.15757889058973,0.057957967860564175,1
D,Y,53.880814636399414,75.93026856815706,40.100131992952505,33.71195750999206,0.9996316016983916,1
C,X,46.75998072532715,98.59163352107831,40.81933300408856,31.015184245496332,0.2999442284015109,0
D,W,43.56814165159933,39.279304490295786,33.247947918715674,49.37040787454294,0.7362015772088655,1
D,Z,61.08601103144374,44.59418835499257,30.040804843572104,21.673723393440447,0.6096198695202207,0
B,Y,62.529756737502694,14.44369430944128,35.12570055466754,45.42812962559817,0.4989281524066622,0
D,Z,43.71242842834484,33.91912259884366,33.35177943884442,27.4241538658076,0.13993982821322493,0
B,Z,62.60576630272139,72.32699031644472,30.432200901796588,35.07894726401544,0.05265261378389374,0
B,Y,27.288756996314348,21.318060887737634,37.30280692554184,43.24582174140092,0.5813972136972801,1
D,W,40.71687923699065,52.11926394726728,31.633246570185467,48.92452255736501,0.5601002075870621,1
D,Z,45.6374218184047,95.98172163346234,40.05752187923988,33.34045062693153,0.9553456358722058,0
A,Z,47.42855643289704,16.764405634865653,39.66208148167901,33.49584544599048,0.7733147998281696,0
D,Z,66.7515369037788,84.5726805878092,21.305872196392652,16.72287265054994,0.7557241032299498,0
D,W,55.171140703095965,76.12004649240379,33.56488913678662,42.136170261267054,0.26812896356000115,1
D,Z,50.11089073073514,51.776253076105526,31.790505404017495,31.13707272549253,0.7164942635374159,0
C,Y,49.9677422548856,52.75883713229682,33.16411721324856,11.346317674262405,0.09685092108424609,1
A,X,59.224854840938725,62.06362504636286,32.34055273576074,28.704855582456993,0.5747996931279189,0
D,Y,46.93557197071898,82.35651307151763,38.32676664296257,44.00553062276088,0.3576977005820988,0
C,W,44.652502666612634,24.56671407491262,30.041361369661413,21.627701614485147,0.03770129080414086,1
C,X,43.178179151928006,23.785435478978368,23.919854854305896,11.850516018967042,0.8270401257025144,1
B,Z,65.46299920990072,58.93276669587097,35.75152413415839,31.192673601181195,0.46730065036259205,0
C,Z,57.24809297454291,30.323961257445987,31.017611925631304,34.660427705353364,0.3759956263223433,0
D,W,55.04551304430886,42.439156404159476,23.21470667707552,44.36658252788768,0.880555345373981,1
C,Y,39.69311024232369,46.77146646293543,25.824087436027398,19.91381816539914,0.49788266123465286,0
B,Y,32.809481657027575,99.79763763501751,40.90834329263856,49.9710343647631,0.19763332520775168,0
B,W,50.13234270334087,4.31781146154896,28.4936528210023,24.725697475426763,0.5779577004692943,0
D,Z,56.39492332781621,44.77877526273145,29.525034732582487,48.882839297851675,0.04178504673340078,1
D,Y,40.93667326120641,90.10943813410748,31.413087223301677,28.018901710546725,0.5771957617151408,1
A,Y,60.75376132453848,66.44290833797247,26.948655558428364,29.031421531186794,0.7813700008441052,0
B,W,47.3037319331124,51.58607674520878,32.07396435025829,41.653688191861725,0.46158202139642746,1
A,W,49.99317119971655,72.27057858678467,28.063377017585807,17.484497577721893,0.6021285303177161,0
A,X,46.64702024850342,77.62700399630663,27.01198734543813,11.15882129201157,0.42296261953020375,1
A,X,51.027949907275186,78.27580243159366,31.333223047978066,13.482453746397276,0.20112550551591546,0
A,Z,56.42867268251119,39.344363297442044,23.64470923845163,14.045252643794925,0.8109476913673209,1
A,W,62.1544216585691,15.398580156888041,28.498903696578427,12.597636078295874,0.5567107023901606,1
B,X,42.35360401421828,22.803187361465362,33.42561196084525,31.123766247309437,0.5536937160543348,1
D,Y,45.47881801612351,61.57281513534757,25.216176507458506,29.84140639344217,0.9479401659934834,1
D,Z,33.53615309455225,63.69239252872634,26.552340905677312,49.793004428370715,0.9643236616069101,1
A,Z,48.30509170753673,95.22022050825126,29.262752747085475,41.43284151307194,0.906795085747118,1
B,W,59.816063437015885,42.038347699082756,22.04350408513052,17.779655949186306,0.5663666412081185,0
B,Z,60.3608747522359,35.029298671808775,34.32508682220022,31.052171450247798,0.7072204554964276,1
B,X,41.773402920501155,50.14465707896406,25.0650204962566,24.731551005258243,0.29853206577243696,0
C,Y,48.176790414473935,29.41018573994286,29.689421633308857,20.86174542133147,0.49279726786480416,0
B,W,50.562345002621335,60.150710889834535,17.717560044039473,26.0798241516898,0.05568135921915551,1
D,X,36.68264333337157,7.646430493816037,29.569671032162486,32.441725822218146,0.9136963693457387,1
B,Z,47.158309564124075,60.50377317188589,30.979408228856688,28.098210585837368,0.9799306276621206,0
D,Z,44.68884152360746,21.05651506570556,26.99694753815628,31.02505056559583,0.4117281018520085,1
A,W,42.5535485773882,31.434530024972062,25.685264125385583,28.344984005130826,0.29837540056552003,1
B,Z,69.05830948949911,77.64008407260067,31.80464839820783,30.364075760275927,0.3051758323196462,1
C,Z,50.06702739965333,20.32301242297737,33.3482636903699,14.113149130070997,0.47475463268362883,1
D,X,25.41193401060184,21.062090765019803,30.166347841704134,14.583495409011498,0.4875664601922527,0
C,W,58.23638666458964,96.10597536065745,31.986605991710558,48.662606089741146,0.36732740424353616,1
A,W,54.521863289957146,72.73611141127367,23.630897948010734,37.72175769088048,0.9805653037082518,1
B,W,52.4891321990836,50.67181671788239,36.40070315880646,39.11813215894746,0.3878602790644834,1
D,W,40.871334415621284,47.684698120310095,29.38593962652485,37.451818234736066,0.07627124381826211,1
A,Y,66.29693149515795,57.13902762611539,39.02523597693819,11.737389451818858,0.181098150616963,0
C,Y,46.072782934786375,98.40052749321879,26.145300284046044,33.12022299739881,0.25402850217993567,1
B,W,61.00513461345612,43.870242436214454,26.738867179687766,30.841504966047122,0.5499631847925212,0
D,W,45.90198056490926,0.25438035394800274,24.186754229948797,11.8428398217706,0.12608195555949941,1
D,Y,67.22754288579071,65.34112253984844,28.633824835639306,30.64750004194216,0.1969320247710179,1
D,Z,50.3867092408525,52.617620654092754,31.42836071933749,22.532476054293653,0.1587208204491647,0
D,Z,42.08434168465981,79.40182072842444,24.45932705346565,41.65603966338253,0.1497185611867341,0
C,X,44.335353029335735,70.22838534110257,37.6218409240992,11.20716738732562,0.5729256174605267,0
B,X,51.55073794026726,5.414034360600728,36.06196930998737,32.421139295851724,0.15718124829878966,1
D,W,59.36354324063224,35.99832576390305,27.95363165618958,25.349903914490554,0.6156649674613974,0
C,Z,39.4261794932086,75.13714501953643,20.11297896263992,11.163496181255738,0.9855942689790709,1
A,Z,79.12665150382138,57.495204454684924,23.780509394655954,19.49658977308514,0.9813706186734397,1
B,Y,55.27974986446213,59.43142580613126,34.24711259984593,34.55861317449417,0.9226999581861538,1
C,W,47.317926824721404,57.838949386146865,30.08923600779069,26.498937894084168,0.71877473614309,1
A,Y,62.40875677186933,95.16991562952994,27.754560785215844,23.224647275174156,0.637275301118339,1
B,X,49.177162718952175,58.392786021391295,39.28712657051224,25.280631812250576,0.8032072246892799,0
D,Y,52.16708050703144,7.270428697244425,30.354087080962195,27.604114888867073,0.8890084210159123,0
C,X,31.7159667327,48.41413910696352,26.641595722870115,25.136929544354693,0.6855622315714907,1
D,W,53.996968116060465,70.2908178784704,25.88304427001582,25.411325003531427,0.6292736371090544,1
B,W,65.79458854423305,18.952240952182397,22.056133402254478,23.239971981273285,0.9246621243059335,1
C,Z,50.79183959338254,27.722253245692453,26.770157425435965,28.132747534862396,0.3832820858459004,0
B,Z,50.54009165520941,28.36414497192483,31.4506395164199,42.17345048343442,0.5174862248088997,1
C,Z,57.07277977936934,79.79051447508068,31.662337162557524,13.09534035422741,0.3442371891433844,1
A,X,45.21749609985531,83.61868379181757,26.39409136397894,18.428456155837868,0.7808339189612806,0
D,Z,55.06796513075026,85.62223011373398,31.86179875060757,18.23991231910633,0.9484668068467822,0
D,Y,50.66431991515777,98.97471117406403,27.034164607041014,28.500708291155377,0.9787821397216243,0
B,X,51.84239964874363,50.83713673196013,28.507931014530858,21.442870429042987,0.3250464687025333,0
B,W,48.51702954224217,12.352213468750072,32.2142371201597,19.95063708264518,0.016175128832425445,1
C,X,65.64082020346852,85.41802645196806,28.959326046492805,10.60811923158063,0.1377927817628133,1
D,X,42.42242576623502,99.4831222824445,36.068246450226304,40.576723990410564,0.2218723774166541,0
D,Y,42.50280926969717,82.05368341043304,29.745281800474558,12.72040317843281,0.8182641484071079,0
B,W,55.43163497405642,34.21056243434841,37.977504845867415,24.912805761933228,0.7105994365262729,0
D,X,67.30606219362697,86.15991778806453,28.38498144423091,38.94651370988395,0.17912261578539135,1
B,W,43.49953719335638,47.369902096951655,34.01478776104889,35.77509632803034,0.29110222868049807,1
B,Z,46.4949386029068,72.18702163696335,21.02315144486743,11.605026831955323,0.5692151666805894,1
D,Z,49.38284074686579,32.302858604415384,28.882389350131078,39.235982356668586,0.3302361773175362,0
A,X,56.74654176462636,61.40358356272956,35.77586736234676,12.559370196235292,0.27231346701515846,1
D,Z,50.7396361567067,92.73028448150653,22.532346563353833,34.55807774118249,0.5820982904068372,0
C,Y,50.61096943882521,79.3984305796031,31.776485984915134,32.83975023167392,0.16883709196704588,0
C,X,63.00858403733056,4.34231140087149,33.43341971960502,27.086873859229126,0.010724149794399174,1
C,Y,47.64575268800479,6.451019620482834,25.761575809814758,17.673090997118234,0.27626896938688106,1
B,W,57.092000978210784,49.39538480393721,31.63991739360602,10.958278496902336,0.2433065738250444,0
B,Z,42.20804336449366,97.1625533202853,23.771286113979002,17.577568471285254,0.34345861725556726,0
D,W,44.829516077314885,82.24216663701786,31.035986699612742,30.3563707885372,0.36507597864489794,1
C,W,38.84121657231575,89.94287707973247,30.983022261920173,11.439379575650332,0.1423508708243293,1
B,X,32.129734402198935,77.46554571845917,36.88383588281478,16.803328236363782,0.26594764569831353,0
D,Y,53.95195045441963,75.48787107916776,36.53201031623133,28.19562521425359,0.8069911867474746,0
C,Z,41.529262038011865,36.82316956207893,30.061574897619334,28.18184910855888,0.2868046929752427,1
D,W,53.693123332579134,56.684007655271394,26.077583881763417,37.49737215779069,0.6075504344169658,0
A,Z,35.9477266335411,75.82106057630143,30.479669052455712,25.777301998139286,0.5759611787676724,1
B,X,55.65246973854983,76.06369205911923,33.19193767186992,33.486717049373944,0.6042490282570184,1
A,Y,55.75418487949802,49.165663356096154,27.031675060284805,29.282098061567382,0.31973282973252737,1
B,X,39.88230735360014,38.903664826184404,31.51723093645509,40.37900647406572,0.1659856466370826,0
A,Y,46.30454053748351,1.636627702487381,31.932280179790034,48.02559313759528,0.09523238927875588,0
B,X,47.26320556474275,61.18480033811373,31.020272284562296,29.624917472480803,0.9102402066725219,1
B,Z,41.41570304692209,60.175324748628135,32.26808967482549,17.39407729565508,0.5567857848483675,0
C,Z,37.149358873413476,85.67882339121658,40.270275915677075,46.65402054582722,0.20140850093447182,0
B,X,50.0668691402025,47.518325449229636,20.518477896914504,37.2829994474923,0.9727453364263204,1
D,Y,44.90770826463606,81.61730825683807,34.57959209329966,11.276714641958634,0.24246436230978186,1
A,X,52.395055652839055,60.37297531056106,30.55662624722406,44.328503134292006,0.23415154865027754,0
C,Z,33.298647997266315,49.517811884562136,32.376478681536334,49.85691849596777,0.709958175376068,1
C,X,64.77907457873657,74.03284808977426,33.34662645127578,28.754281781847077,0.3283596465522368,0
C,W,49.05704503039939,34.58340561916733,33.75117882410951,22.029737632275666,0.6060145111223096,0
B,Z,51.78397322365956,11.442631419337745,30.186504889266686,45.020189963668905,0.3157822311419183,0
B,W,33.59963747707759,40.84655460725609,37.01783249748266,48.60195052031626,0.23450686321103253,0
D,Z,44.3958696860267,25.36963964168043,29.990074311151815,29.018881918459538,0.6237741895768081,0
C,X,61.45235711149495,54.19770652636194,35.02297442985089,43.914239664534534,0.474163451697457,1
C,Z,48.32792244871519,43.30865080718053,31.723630026539983,33.73660654844569,0.743346807978096,0
B,Z,52.54304409769084,17.134554139314385,36.8354513997239,29.870409590565995,0.970385589273573,1
D,Z,36.34564602776346,47.17603547418211,28.325678782723116,42.887959359345224,0.5347056624582088,0
C,Y,51.50441993323501,15.401547166829154,24.37753296994544,39.14071473958302,0.5358014347403567,1
B,X,42.49863696795852,22.011038518397598,26.94868197433611,40.55714348236836,0.5268068662316857,1
A,W,53.30237085120422,11.441056797715133,19.705871823178374,14.902097621308021,0.743217752603139,0
B,Z,42.472906597481725,67.05705291655337,21.316741279897375,13.075719341703898,0.349088990272983,1
A,Y,46.378404225794974,61.341219825028546,27.03482675185103,10.042984278613694,0.6627076576852851,1
C,X,45.671493098948645,89.60160141008642,36.366630904913166,34.06280767914815,0.35875065323192434,0
B,W,46.546291974126774,9.942225373977632,23.445789131779975,25.382413458360205,0.7145636223829552,0
D,X,46.61379090127756,52.15658529436025,35.628003484773686,43.08461968587426,0.6187128102501037,0
C,Y,60.45232045110471,6.972964403284443,29.22331361575929,12.56566294608286,0.8846757419278146,0
B,W,49.738883879446284,0.7104923344704139,22.492829336146055,11.47718843351531,0.08320956682866576,0
D,Z,59.28679527155542,39.75663531490194,31.403482552276163,12.94993719787052,0.1932973844143726,0
A,Z,59.57923148830286,8.318333953538781,29.623554818277317,42.04596224269104,0.6361981681895379,1
C,W,55.6150537327735,12.951399799684182,30.535938425961273,47.748996543223605,0.02760360361585945,0
B,X,62.91037815762485,21.063439353455614,32.21832691427552,15.007818405506836,0.6035901367861546,0
D,Z,43.83484253612574,81.77499481053854,28.24417788051069,10.128581889160731,0.8056431320724092,1
C,X,56.51880490069035,79.34512679607253,34.34509151642071,35.14540061981159,0.10512690169156547,1
A,W,53.5754898946542,14.081174752685389,47.72370608602394,23.197482459394372,0.5409809439397602,1
C,W,57.7797030287735,75.302436339774,33.14765949018819,32.80282657207282,0.624436970970414,1
B,W,43.65493468991133,12.870743663731265,26.33451054976734,37.602879119390394,0.0695910777629758,0
B,X,55.43009865961258,50.249397828683904,31.6933152883285,15.457420115109276,0.32255153215752363,0
D,X,49.58662246219606,8.86514288918172,32.36521715679351,43.48792423039145,0.9181998726142436,0
B,Y,47.71551865389857,63.19445815836337,26.205713454934397,29.721374413220445,0.8151212437432515,0
C,W,54.94457882357074,33.535588129870575,42.857275166044076,48.85173171407661,0.8163153644913267,1
D,X,60.72021368103554,66.14369887275043,27.355309039451917,31.042782376481583,0.22426053542390012,1
C,Y,44.00100873251911,41.11633866698876,30.86142139961086,20.43334474342297,0.2528398860923755,0
A,Y,59.316132662863396,88.84673888588974,24.335834502118036,47.109243338770234,0.2998989155363385,0
B,Y,38.29874586662319,13.003471533185385,31.96481595352431,38.386298314316434,0.7357724674484327,1
A,Z,29.006969619644916,24.767625850554552,23.64791949819526,46.36629092641159,0.6188863875808697,1
C,Z,60.09065699492607,16.114977626942984,30.436976996843796,46.14836077629136,0.22475008066936297,1
D,X,46.48324627954201,99.20356913748643,27.045770522872623,32.345188699433805,0.8185367885059935,0
A,X,37.904901061965404,61.50082768035019,38.843362715103154,42.69885917976196,0.5611358706532,0
D,X,40.42036363433708,75.29463924374639,28.234079787687875,28.811048228216976,0.5140980768657046,0
C,Z,67.14968498220398,79.30043956871258,29.606619939677206,47.55699597883331,0.6731420549247462,1
C,X,40.16893897447206,20.230774863924417,28.7621758960627,21.3373289692557,0.6192418921494501,0
C,W,44.62142244184644,75.59132690580992,27.865519660128992,47.79868852655743,0.30342338598778296,0
C,X,67.56374635607037,15.62510181979907,23.892921151806,22.838278596608003,0.13576198131305484,0
D,Z,66.86256717094497,31.637220056158633,27.641611417522142,29.764750390788567,0.548534506078724,1
A,Y,35.33034292644376,75.67054098466895,26.119863009423465,24.829147580371377,0.15893575377455293,1
D,W,49.76673152894394,90.7337692983757,40.66289071737926,21.470824423353218,0.7289194222465917,1
B,Y,41.775852333303675,76.44281266344404,21.545667503137537,22.267598676850366,0.3374804909960436,1
D,Y,50.316626360095064,87.74534076399985,22.27707592102653,38.460881042686786,0.7224115169804958,1
D,W,28.744057081191702,1.627387659269075,24.982701803110327,11.503305120350905,0.4650954659741364,1
B,Z,43.3197234367816,51.8418872578952,30.291271736944175,12.633888704177405,0.9193028217164952,1
D,Z,50.008722152180944,66.66220246239419,34.64514168941892,43.7135768483914,0.18342803674592734,1
D,W,34.324493451255556,22.742935573949108,22.791572119464817,15.780309777195441,0.5353853982263245,0
D,W,24.734458115559995,38.430979258625285,29.81106088432624,26.55855372571811,0.9405812287642842,0
A,W,55.26211479675479,27.830394528533386,27.059601038310213,19.341849133322594,0.3144014611085133,1
B,X,40.52308357066899,58.08461558808551,27.316585151552964,27.735082346542754,0.902465615397593,0
C,X,45.76634729578475,27.64609498066617,28.468860403974197,42.963757224765914,0.6575237852051485,0
D,Y,63.41500053535273,69.22565965402093,28.91970536733806,42.82691008283744,0.8804191815677012,1
C,X,57.6541786278886,17.3801557890624,27.502212455574448,37.671324416539605,0.31063708000764,1
C,W,61.03377453056831,75.10839128568293,25.31276197274923,17.658351052908053,0.6062292055887886,0
C,Z,60.09702229737677,92.43546093586791,27.88274319968592,49.214370566640966,0.71476130264802,1
C,Z,34.830942480952274,79.16903148611468,32.47390670256566,11.727033623017302,0.4958874439518254,1
C,Y,38.102632473568185,78.26021103564861,21.966768404190514,19.16927873182551,0.12243595124852957,1
B,W,45.472789013039694,61.67699006451818,36.6634718487215,39.88647609750815,0.6332465251665881,1
D,X,50.61162923682304,68.07608814112339,29.764108941538247,23.92460946172224,0.26511432861377904,1
A,Z,50.996197320335405,30.86283128881866,24.24413988375408,42.9314009686542,0.49382132987847416,1
D,X,50.671918304864406,89.73152014944785,39.675953029263276,23.33209819633252,0.057738847609126065,0
A,W,39.87494809015423,67.83736681664396,22.805261246155993,24.303836935885602,0.6272628280833006,1
D,Y,57.97249159343411,70.34911113075512,26.440678030417075,27.741779748480518,0.7741867727924442,1
B,W,46.642944439701964,56.79076790729704,24.603598783032822,25.147310507353122,0.24490935107133915,0
B,W,48.97737394857382,81.89852866653298,27.658941485467754,36.90456166011067,0.9323702745029617,0
D,W,47.3157360496,11.64506888390079,38.40639940073813,40.739811415713675,0.20509280238348382,0
B,Z,37.16242811697243,41.1659394600607,27.90591289294409,21.642157076343405,0.7483614254932366,0
C,W,53.96776827614485,57.91247584856293,20.297081442840174,39.466213049687646,0.8260744782272446,1
D,Z,64.79805942056795,85.00160041766816,32.280452989433265,20.03703986225286,0.2565539407787948,1
A,W,52.43020696861175,81.24474776864432,33.42611055025105,15.295145845259302,0.8283409546418087,0
B,W,49.05329294158177,1.7918608965729055,40.10101382350528,44.46383593213505,0.6104982737905412,1
A,Z,67.53447537135264,44.90388828164732,28.828752026706873,12.77044422421756,0.2134754100900742,0
B,X,28.268240354426357,10.80115778564542,27.73548486651476,39.03827871782554,0.6529996850256448,1
C,X,52.53696099639011,74.06488922539008,27.01645260269464,22.18752559712193,0.2418550731726734,0
B,Z,41.82505848965979,90.17470696918318,32.182473882490385,27.27170492463361,0.3766478244470901,1
C,W,47.20391964356464,55.0943906852308,26.876040055915187,45.85114626707835,0.38082730879490945,1
A,X,34.08924774478022,62.43526027104765,26.159479946605238,34.14035795486437,0.8401309951036741,0
B,Z,43.76485497866842,60.89461463590483,25.747634048584324,49.100713285724645,0.5271939100180719,1
D,X,36.29611517822292,65.9090705953038,41.2185776571336,35.87307712496896,0.23876735611920186,1
A,Z,45.203888811752805,77.68314482439013,19.788479010804963,45.60913449799639,0.4488960508488472,0
C,Y,63.24613149957112,76.27680591619152,24.70413311046768,44.817069078490135,0.7690880311086239,0
D,X,66.98980359489076,61.6262547540383,29.32875843636352,24.623794783761742,0.03407806262034396,0
A,Y,53.725356556728784,11.974770068992191,33.534302399473894,28.297240233058353,0.14380485912416763,0
C,X,46.2220973828941,11.751145495037441,25.04310645382231,33.40245208566965,0.7372930942708393,0
A,X,45.786789984046926,72.38562370173769,38.05973797875796,41.95788586210898,0.025793137013100154,1
A,Y,47.94846221551606,95.84326527051486,35.22506145773646,39.836174281762545,0.1332936469989514,1
A,W,41.31580124235599,32.699145081291384,39.13642953082963,22.304027667878394,0.8092709102129263,1
D,W,64.6962341515844,48.318818230303286,32.790045059261786,19.272408005959782,0.775538982607882,0
B,Z,39.9703793855072,59.94033126841294,28.93286220506201,46.44840271198661,0.7448486185656771,1
D,X,53.04302272495308,64.53033151924456,33.77360627172471,36.4325899658386,0.05849528125617942,0
A,Y,52.818414388352494,44.91217425793895,32.0601126236392,42.27563904395125,0.8238066890394639,1
B,X,54.904953399623864,23.813416630055826,29.125893108648068,42.38865667174019,0.9064668531048555,1
A,X,61.47044287263191,93.67716242414646,39.376790291170636,13.563998528924483,0.33351463128199443,0
C,Y,58.115233058287494,19.72073246836379,28.939873152672924,13.142132772260364,0.6662333087732112,0
B,X,37.83428733705051,89.59796688301745,32.462654970811506,29.56741837270835,0.4300289853060003,0
B,Y,44.75472384728498,10.192021095870219,20.800769787950934,11.742238311503609,0.37572675538194167,0
D,Z,46.77442100687526,85.24006190428905,23.152835075841143,47.14437615996011,0.07430302899566865,0
B,Y,45.85931446434875,52.4897006573497,29.05313982456777,20.93241791609355,0.29029368274902545,0
A,Z,43.80202763346188,14.66152580184229,34.71234723506476,22.771093860870565,0.7897810312234039,0
A,Y,40.04291723179576,37.99651743870665,24.887397051781434,12.25458349937615,0.8144351949928748,1
B,W,50.22927483216391,67.7797245957635,24.00291590806449,49.379765389178196,0.19907671773239932,0
C,W,54.20657921338041,99.51996292734854,29.951092801421154,12.971789328741675,0.4890512371092307,1
C,Y,43.38490964294117,71.626502745093,25.876573637778908,16.567236531004802,0.9850039250829147,1
B,X,71.15312259350597,94.38218109119614,31.060609429019006,43.242847975671864,0.9048679824401615,1
C,Y,59.600122601489765,21.65408141103635,27.141640485180563,19.804281502497222,0.4935064152050248,1
D,Y,51.54698347998116,49.59100707596742,32.73594131511287,16.371259103862567,0.3850122610668766,0
B,Y,47.8782446729434,71.93523334196598,27.934464633995162,36.70708500576823,0.8737104783858304,1
A,Y,48.34532780334819,58.128323323572886,30.33056899544869,28.855637918772143,0.5312097324457927,1
D,Y,39.16525434850924,92.22952986231977,22.63844909933589,49.455247115449154,0.11117575863508367,0
D,X,51.22965788634158,6.879132542269928,27.973389124821242,18.699824714186697,0.1376090687802125,1
A,W,60.573030882721966,21.205551934265543,33.67088411727466,25.212912330011328,0.7346951082041796,1
B,W,38.79919938905743,94.81044828551578,25.91602267419844,20.700060091847327,0.7490342488250277,1
B,Y,66.27725137890462,74.03997275455197,28.79415718468953,12.400252188185231,0.6613182336505231,0
A,X,45.566012245761975,87.1763027998549,31.003916625844745,20.27803061555426,0.7123118432745548,1
B,Y,42.080110371264816,90.59565589457993,30.64876808864511,37.13312337168918,0.5618152021664543,1
D,W,35.16850978019691,69.03106240210141,34.023034178167606,22.11913339214327,0.28194734453523684,1
C,Z,58.26570964201806,3.701583516327489,33.25977581167064,40.396339876843655,0.10789125038982472,0
C,Y,46.97285469859202,52.03328649289993,34.24317082357263,11.991819855978507,0.23693851033580926,1
C,W,41.96871589446651,1.5769576016194775,35.1774511956096,43.68942623208848,0.04479596280795395,1
D,W,52.44584525183079,0.8606910318586958,35.45204200609798,21.865105109947716,0.988830639375157,1
B,W,62.13005854630997,33.470905799414965,32.14902892941223,36.97182619835972,0.9359184859752481,1
B,Z,44.79103273518138,57.667086930123105,33.735465597173054,49.91953087361685,0.3511127354088749,1
C,Y,47.02368354525671,29.516012200189646,32.66069869994009,11.681601471303145,0.4617913151873877,0
D,X,48.84225351392006,47.54891284565237,31.020596579072755,31.866547753475185,0.9423311887039578,0
D,W,39.43716133083904,74.34052351807239,19.045651237384575,42.71536621446556,0.7873324062684084,0
B,Y,42.38340253583087,21.022810223611877,23.014189828228833,36.182983294532576,0.5644243991573044,1
B,W,42.7201589403414,38.638531551384915,25.52004185820488,14.553082220776904,0.12222764827843657,0
C,X,73.01941422947262,82.7267329700015,37.07150176744672,13.403381540602934,0.21993807745167537,0
C,W,45.16211810786875,62.89813161883045,26.25105562010692,22.648866897543982,0.8382869396783326,1
C,X,53.88483012689132,45.560495561708095,29.8652009858641,35.04271267373771,0.8604325672664329,0
B,W,55.14116073541037,40.76332328865704,26.619504965875475,47.92874093925346,0.32491441910322194,1
A,W,35.64415521702119,5.106136483692669,30.60002945084374,41.91551792585546,0.3473961574507769,1
C,Y,42.66557029288086,17.676355873901052,34.08490920214457,24.11999442646681,0.09735450832673354,1
D,W,50.334011084982784,24.5056694498764,25.147142660905754,19.523520838276,0.1579804440133491,1
D,W,50.16683332439868,87.67116726365406,33.91622626581999,19.607317334441507,0.9877545697007023,1
C,W,45.805631748664595,57.34916191504019,27.38302824360087,18.37052826882806,0.4931481422305668,1
C,X,61.107913100725575,24.7962477065236,21.023729319915937,39.78959021974089,0.35374298191599285,0
D,Y,45.52435900301636,85.28980323314418,20.660446487519913,14.299411268462642,0.6119703468537622,1
C,Z,66.32298774274994,58.40568969703763,28.541954243829842,47.190494954117945,0.2907000828559001,0
C,Y,65.9035695378683,76.641340330406,36.90158452930688,35.92516197125603,0.27628956579369446,0
B,Z,48.82911839376446,60.37960663463849,29.533940668167173,29.455955460586306,0.3847242445160852,0
D,W,39.57392233296124,77.8820925232338,30.862834816086007,27.968472344184903,0.27552221385318043,1
A,X,37.946062731071414,45.823412987193976,35.788877897540914,29.25929789116424,0.011518701139044518,1
C,W,53.332194643827435,21.88168327426474,30.691891273478518,32.264692854416225,0.2570702524855859,1
B,W,41.351557913998434,59.62822452538733,28.876960649162015,45.68420304525664,0.33070613912672064,0
C,Z,52.861818626308846,32.770189650704786,29.92031056814601,47.09236326004239,0.3659489672412065,1
B,Z,45.78580565478884,59.89261705289851,27.4286048965032,14.395986529724079,0.587178844562602,1
C,W,50.41927298049537,35.76735838754607,28.67238101634017,24.76202667078595,0.4120034317966226,0
D,W,42.52200488404973,10.837189029919136,38.66705473856082,42.76392274060938,0.42297671876560106,1
B,Z,58.58592153209848,96.3211584022913,26.694123863364105,16.828711364820236,0.8329319032951283,1
B,Z,28.580945013551787,57.54336274488855,31.284842670476205,41.24824493956821,0.7875994971628089,0
D,W,42.87678880952225,75.76047572937573,34.52304415962376,18.57812788936598,0.16886033378176157,0
C,W,36.65756598398213,43.8172602128491,22.98813321694694,33.081033507506696,0.18707359025962345,0
D,Y,53.51072841569076,48.71347865358838,30.430000860459955,33.15149044204553,0.6436542281161024,0
C,Y,38.287121962042036,12.825785022204528,32.64975064625705,44.634289538433286,0.7045146711409251,1
C,Y,52.10566359456856,8.289215377584714,22.09425067014188,28.215343885693677,0.5476651795367066,0
C,Z,59.21027005432663,89.92288156289526,33.289188595642095,49.3879427602142,0.9147263920259419,1
A,W,37.343819489009064,7.226860660223844,29.409992591383585,25.993681378203256,0.7753512402056596,1
A,W,63.40153903052677,94.31089945930692,27.767470448236846,43.07827359185657,0.8255004766248397,1
B,Z,35.55718158819513,91.15995317026065,25.711118727141752,31.526205821157696,0.1140789285816779,0
C,Z,33.286466629731876,68.99527539436924,29.181301677815284,15.381900088406436,0.5197165451031688,1
A,Z,51.023617419944365,3.5314082965748006,38.69138334683346,25.999600035929326,0.6123054610130264,0
A,W,50.80474178723839,77.15512905036377,23.11896098763993,47.318349085609945,0.0902707771479917,1
A,Z,30.206531471621506,29.879666396013782,28.638216550454814,15.45320148876793,0.9039879672451236,1
A,W,49.45710874913066,40.73524869866431,32.083055738706925,17.67242089899494,0.13939542288137186,1
D,Y,51.949713068320435,33.37022331187639,42.4279354494023,45.98558977235127,0.28873011199197307,1
D,Y,26.992490045366683,7.236924096677788,31.46376635279131,31.526318550772906,0.4036556647712536,0
B,Y,28.038153186110293,51.215096199442236,31.722906681808297,14.915022132855285,0.9912242452636142,1
C,Y,44.65815776279451,54.063883857608474,18.58826153491605,20.558912981304395,0.9299645682071398,1
A,W,49.07445177112668,21.46161694572699,23.914256677177683,27.851281480252705,0.05954102796684724,0
D,Y,54.83640091332199,45.76614321254377,35.149525696021335,23.536433755585485,0.3470937795610475,1
A,Z,42.95678475869332,1.7059255319786915,21.60344620202653,33.95102818072815,0.8611224565726742,0
A,X,52.557354889041044,51.78555054099522,27.18265915287889,45.29614447790905,0.7877239768502567,0
B,Y,39.81999952464987,48.74643824803043,31.50130848280062,24.61234045826473,0.035961393520479445,1
B,Y,53.09822666892437,62.43625769964001,31.49109886000409,36.898076992667484,0.890934091459588,0
A,W,53.257755870016695,46.414685457768066,35.82218039487501,41.052342189148774,0.16684557259809096,1
B,W,68.71415287046906,33.796545246272125,27.288942418723792,22.53657012316075,0.2220820440110881,1
B,Y,51.597225036069936,9.012451051181426,27.013278027181915,12.5237786244667,0.3759430023408282,0
A,Z,45.68902594399726,55.62629915857713,30.038927837597665,14.777470995751255,0.670413899092252,0
B,Z,55.03406619837681,75.413977939342,34.641486573822384,35.14762430234887,0.26122639115582535,0
A,W,49.98688588736893,40.804255649082464,26.892997290389197,46.69975133795412,0.03994382487230852,1
D,W,56.911185208129815,63.885284427121846,28.898861708644674,22.67813037598337,0.032970865052172726,1
A,Y,37.21192853271465,52.63112495816454,25.623799157226223,31.145381820548522,0.5315245452613719,0
B,X,29.586874373786895,74.74415953972031,32.997281255043525,22.24359520188958,0.6007672214125106,1
C,Y,62.12578572340788,93.98750652502108,27.269208911217394,23.21914686722192,0.770612498885064,0
B,W,31.220275726388266,33.79671730923517,32.772512195588675,15.533061965299746,0.5788879284218773,1
B,Y,60.66214617287444,10.226629761399508,27.168067974069974,32.090990098830034,0.3193602357243631,1
B,X,48.54781583016624,47.389996182991034,26.404590172340114,25.128604134106098,0.6745105849021751,1
C,X,57.49264224962406,6.539591860211679,29.04215563506334,47.43333605895648,0.08256047026893343,0
C,Z,60.19411425550372,76.66208287747607,35.596065342554525,17.44846784479406,0.6081293675215184,0
A,Y,42.909963027022066,13.042620042980225,23.207734950836688,25.59666406148547,0.873137174291227,0
A,W,50.436244828315516,77.0676214182553,29.573098579084263,35.24186231300512,0.020285047965817316,1
D,Y,48.76363493827785,34.06036053095954,34.14723199064936,39.74742447699505,0.671703891223189,1
C,Z,46.92853246950343,47.42437455987584,22.154770303891453,40.255858000335984,0.2943289057798203,0
D,W,58.478652977566156,2.1951754128012535,32.46255506107286,19.17612356014819,0.8020035698504148,1
B,W,55.21162199496154,3.99301843333969,23.162491203057165,30.94570781410426,0.9633690819050228,0
B,X,50.00978374188489,20.61109443425587,18.428345121668514,33.3387027943175,0.5765266401418113,0
B,X,64.11294907627061,70.03791553894384,28.145041897750865,47.62039998767151,0.42801249900065585,1
B,Y,51.57824143957819,23.616187423964085,26.817679335513983,38.358171795968474,0.8392733934662028,0
A,Z,51.41200375384167,16.2442021980134,28.243048140928543,23.561556068221137,0.6614470804252548,0
B,X,53.003732859772455,57.87552579717218,31.80047225551552,14.167527181367143,0.30633124475652074,0
C,Z,51.78015791859568,55.079082106631226,35.88392929478161,20.321427477778073,0.8827184442420036,1
A,X,60.9376290489718,21.809792188598653,35.70518965619672,18.756986175126144,0.9129961534269255,0
A,Z,56.817111621236066,84.07495414729489,30.530796176527105,31.611742169882334,0.8134471970522063,0
D,Y,60.646311454757324,65.01199943152271,30.944581838681678,34.57748939657728,0.5619382866097955,0
A,X,36.64126827217498,74.02360270227895,45.601392218700774,29.03259445580146,0.23566744242664717,1
A,X,63.75077951871995,3.687625857373944,33.249960755268184,39.76555904291128,0.3125138122810528,0
D,Y,51.1392992167215,52.87703279033396,34.94855066027203,23.946005477576303,0.7331637454760643,1
B,Y,41.95658664641693,93.19750685447637,29.889176656869676,37.58079407822474,0.3894733926616559,1
B,W,55.19557557752943,12.033035531884927,24.562466042230454,12.60584599560653,0.6734851767560558,0
D,Y,44.317324671212425,19.684648188019217,24.146627689004163,38.44245636453676,0.9664903715504094,0
C,W,56.32732491072589,73.39026487331508,27.738613066770746,12.85053063727923,0.20219324188076304,0
D,Z,46.32093303379816,64.28165918483877,28.628644735594563,17.880280677341823,0.768854541738938,1
C,Y,52.78303076816119,38.21692275292637,34.469195807272236,19.469722143678844,0.35858472154897825,0
A,W,53.83590456645709,89.50815469362287,31.342957758177228,49.63649693751379,0.15233740817071162,0
B,W,49.686382200818116,1.6186951700757568,27.627892946355256,29.95208485093688,0.04002273866431294,1
B,Y,51.53847284557319,32.1347506845504,30.970246752592537,28.618051231954617,0.33272181115285293,0
B,Z,43.56447057057677,31.71722501026981,24.028940301720695,34.37202170113614,0.3979857128922001,0
A,W,61.450661604202715,71.8208912452822,34.20901633099842,40.753203805389056,0.13768767389266723,0
B,W,49.32256592879324,65.95644199472756,31.063843148231022,45.86081165319641,0.03178184723549904,0
B,W,28.63577846195021,98.65547600305207,25.355067609267618,49.02894512483501,0.32641498143856407,1
A,X,58.125285090072225,89.86830257430854,29.462590280649376,46.08287844192486,0.5362854697566993,0
B,Z,39.968139084327376,66.30967776354136,23.279730606573242,39.81658404106172,0.5740223651543085,1
D,Z,65.1217220512085,17.249739158419864,23.895137671834952,25.153863598923856,0.18962329319575255,0
D,Y,51.93184146464461,71.01109043768993,29.999932314347575,22.806201292815707,0.7032218727627718,1
C,Z,41.355399856192534,89.7644850008483,27.64174771330868,21.311014773041993,0.8472701845293571,0
B,X,56.2956411809174,97.92564221870477,24.96552298566845,45.05393533063766,0.001279928522002316,0
C,X,46.22288984813717,43.718343288639296,33.30263343968723,23.375556350579796,0.3824179885608868,1
D,Z,67.47419163030304,99.20844070588794,26.101239940946556,34.36930953573864,0.22260154140325406,0
C,Y,49.39544211874947,38.3222206035409,32.15818605976194,11.175320658407934,0.7294781314608612,1
B,W,36.27741363214024,62.774775575138605,28.6589141927086,34.451550958097656,0.6831619602591672,1
C,Y,42.75729510145893,11.725411847234424,22.222016370571335,49.88767029848402,0.7319947360061448,0
D,X,47.675529613726,64.88422460464184,20.54040092277348,48.36496591245541,0.07292591638732304,1
D,W,41.38683788750819,87.48894301596252,31.788516590992153,14.839661444925966,0.21946290820942316,0
D,X,52.75216658884937,65.5755364777702,28.516722920689848,38.631034733304624,0.9813933585709759,1
A,X,63.3085147906964,10.400710223057974,23.224870641164294,40.261216509471694,0.006615138749063276,1
B,W,48.54203206384043,30.958921158230712,41.338886916229924,13.454640342417935,0.4922502452576707,0
A,Z,45.695114322236265,11.283595368210552,31.014767465803075,32.760384384824604,0.20518634395498647,0
B,W,47.44530389829491,56.079310704054784,33.689607472369254,27.711304717649533,0.6958172570374875,0
B,Y,49.118758565023626,60.74978841239952,35.27911871490206,49.46593892561903,0.9054919376138928,1
B,W,56.0084624255639,14.92737183539189,31.878177360793075,15.681706949575705,0.5763819403452514,0
D,Y,50.41051605476144,92.86564082972059,31.322220518225087,30.179196061036176,0.21635079713703376,0
B,Y,48.5011183392059,75.23832381149037,29.41244079025216,19.042745859454367,0.5090083615438835,0
A,Y,57.211585103879294,41.54606564821685,32.439245032232755,31.187572981005903,0.20181203344909826,0
C,W,47.56839261475755,71.65234144176948,30.15722798275572,28.05285439665322,0.1355460149243588,0
A,X,63.757753513287284,76.74462998851766,31.845683864975157,49.347828027535236,0.2515156912136154,1
A,W,50.649368448083806,61.75149730594078,36.25357272288602,11.967500971716586,0.3793140682891065,1
C,Y,54.33699482447757,43.949942739870515,30.477767201517317,21.989929936272546,0.2581798679973436,0
A,Z,47.29562537144759,66.39893300024362,31.761758288133688,26.75094307168568,0.4262842842539716,0
B,W,31.746027103646306,51.312848424188296,27.854382787224043,27.205373056137674,0.6811189790559531,0
D,Z,46.720423685788134,44.052044063102215,32.340731071194625,30.449639901224053,0.2761464903063311,1
A,X,48.965379878173124,43.70029467822497,32.08830053631279,32.827568737149164,0.7632792471861953,0
B,W,56.96101490296303,23.250146791306705,30.025568321171576,42.44424495672027,0.27971890299189317,1
C,X,41.49829862951532,91.64783868649225,27.72321089820096,25.09940655812131,0.690452975920209,0
C,W,55.13993236481077,88.49418011124179,25.04098321957607,28.727046366064748,0.32912754489723217,1
A,Y,52.14098886113081,1.067239410253551,28.703314386049403,47.658067672201746,0.6170504171189554,1
D,Z,58.12434446754454,2.9352174172431855,22.875870781937067,27.067934387654176,0.834076871678346,0
A,W,42.98147344793797,82.4460580826863,25.858810197814144,39.203423149489296,0.8103262345337401,0
D,W,54.67839511253721,81.88125006458372,29.18956538494865,34.05574184059147,0.2583153128948108,1
D,W,49.76727347987711,38.18008584981858,39.24898539883558,21.395822323901264,0.7956932039802038,1
B,Y,54.774097758534296,79.84024326872242,38.38848674134064,14.849233507183301,0.7952717374327681,1
C,Y,35.027483006585314,13.729230234518376,28.355354039794822,44.60209688019657,0.6949679139125517,0
C,W,48.99334478844828,13.96724554649963,34.85793770812603,15.638389915996251,0.6033268550545337,0
D,Z,48.40123583894376,22.03396830481311,26.95338483200097,19.182361926252177,0.8608043419926054,1
B,X,76.86240306798366,99.87393326277352,36.7375766639704,25.53412120985261,0.26947712191585815,1
D,X,43.589710444098,36.81880363103011,27.98705231316081,18.28454179786183,0.988035987513347,0
D,Y,59.61389249250354,83.81712519187624,27.15103562105754,24.56719113387735,0.46890727243421926,1
C,X,44.614278611637836,89.34768976100513,20.40819867889998,32.754884965915615,0.17076416690922647,1
C,Y,49.291698522204534,78.13415042418738,25.923338278193526,18.18704493718528,0.3205689836430433,0
C,Z,67.06662921414383,89.17599491450453,25.630322570800644,24.75308068653884,0.826854392439176,1
C,Z,51.8321294738755,73.49111932567669,36.8107679487562,46.46636926862033,0.06781779551597811,1
D,Z,70.57480552328107,66.51868216870895,30.90763456962515,10.77670671138093,0.4852100049920006,0
B,W,31.99322040582268,98.26212839451937,20.26682263622155,45.75315890127204,0.7521689070081549,0
C,Z,43.32687335176744,54.96543662824907,30.720676363900974,24.31609892829904,0.6147232920083128,1
A,Y,49.890728101154984,62.65068327947231,31.472002216162743,36.73766182755398,0.1795129673218372,1
B,X,49.648208172560494,72.24849693105088,19.98744535489257,10.283522679106047,0.3446512484147459,0
C,Z,45.02402878212145,88.7721166929078,26.445932672445927,35.05830840741163,0.7076744942204565,1
A,Z,67.77568248957395,71.066627926629,33.23838156358573,40.256349713295826,0.9293721360761619,1
D,Z,34.14883043817543,82.3406386133161,30.00277019030325,37.59600508672794,0.5290759623984463,1
C,Z,63.73651516611631,84.53859956405566,24.36542957501242,12.685888947883392,0.9209311453652175,0
B,W,48.67952961230747,93.88000533175757,33.269427332412114,18.374072880384745,0.4421992482891063,0
C,W,43.72223219969261,27.353748815996028,31.662571995051078,11.303030232564137,0.9807782561868428,1
C,X,51.32340906853521,53.27921014846968,30.798764262442006,45.6452181109507,0.35080562630140966,0
D,W,62.75426569363109,52.138683478778155,35.30088478556701,45.36991446156006,0.24032950246368212,0
B,W,49.558237039251956,48.70021565425906,29.534083777309693,21.2481228433137,0.055172656270268905,0
A,W,47.79576160151467,63.180807423604016,31.95682554236046,43.83801005021115,0.42606938808900763,0
C,Z,78.88475533742783,60.30903810775713,31.00623114517597,32.0466680516343,0.6880613562029342,1
B,Z,73.42589161824043,86.5489380384568,29.383532031006336,38.73357392122403,0.11119189434906207,0
B,Z,40.90740558483798,74.48961236838821,29.856154788885522,23.553164049556543,0.7544056771583005,1
B,W,37.140552515387235,67.78100646387779,29.183257928977596,42.5859468018659,0.8952635446799825,0
D,Z,39.31023658017007,32.373258962352345,30.43498186720313,30.764717628821927,0.24024668206458344,1
D,Y,61.37349140782076,50.34507109925577,34.42067876897992,27.18985635295009,0.45448902658629453,1
D,Y,43.512195841219395,44.391988142637054,32.73085227867705,37.53803942288251,0.020149962273974698,1
C,Z,40.51633084975878,34.585571897301485,31.576478634719052,36.831979483956616,0.10667938806884536,1
A,W,51.211628389203675,18.209408711955355,29.19474880156362,41.00773214051597,0.2138580841826705,1
A,Y,58.60894315845229,49.81495815902608,29.41861239746376,22.161385883228807,0.2558887319632632,1
A,X,45.62303432778385,28.35739493169226,26.222987952951577,47.8735355104337,0.843829877693952,1
C,W,37.87734559896641,17.345988613749007,28.408665217637516,44.163486877165965,0.26840238004276173,1
A,Z,43.82139323994996,75.16280392311026,34.475154482076725,49.262478091831454,0.35001017708359006,0
D,Z,49.88555931569863,9.144552048356813,32.94874515374164,11.768646302376062,0.113327481499234,0
D,W,57.031394690801534,8.620261738970758,41.26344181108024,19.71541568630814,0.77256821214356,0
D,Y,37.381915122777855,12.252770798401368,24.898145328586736,28.08789293816925,0.6563719561014423,1
C,W,27.752633632484077,16.97935302142225,31.265079866150323,25.39372838425681,0.8940522896215669,0
D,X,61.323463393831716,37.84618347142214,22.40912583411885,43.36636402324723,0.5839828122152437,0
C,X,52.80325368697966,54.45565483365006,30.286520560568256,22.684561801678228,0.6314341427212843,0
A,Y,41.179944406965305,23.968393670628664,25.88825770542445,18.53525210962841,0.9730346394789847,1
D,X,37.4203112501623,11.018857238820235,35.48007509782539,30.114674950178937,0.0687278630454794,0
B,Y,61.31290572569826,32.560546764340145,30.697589096992598,30.417802586656123,0.7085710368821929,0
C,W,49.43727218908276,75.87768167801869,29.799276064448915,41.16597626324314,0.16867802437948154,0
A,Y,47.15653020577383,53.21439010366251,24.996648833253857,30.425110266741406,0.12089523331084528,1
D,W,50.8429153379009,81.06654253080586,22.702082119428653,49.02281950209375,0.26708068117647943,1
B,W,37.411688825446404,38.306433576451006,36.93030165701239,33.21995474021621,0.20780378815229228,0
A,Y,44.3730036775796,47.014540608348845,33.255226313685334,12.05833323772806,0.15766519604080398,0
A,Y,45.98334836338925,75.17058274584267,22.2253936591407,37.837618623386824,0.9447017410268076,1
A,W,46.09254316116721,47.53712332797535,35.04981534371484,15.669643580581551,0.24728273939275303,1
B,W,59.98326525107748,46.77693945646124,24.783956747362893,17.717335966340674,0.8722800129677952,1
A,Y,63.43890979246912,90.87603316326084,28.772929610714748,47.44101830899663,0.4751305480374878,0
A,X,45.2262054692375,50.49602290506121,24.377462040017086,25.410519447596357,0.7676568916348112,0
A,Y,45.580230885364124,14.225848455670931,32.197680380373114,28.82340172161596,0.25003046150406205,1
A,X,45.48286878376301,42.02205520418044,22.545310553435442,38.62914404594845,0.5671771665566153,0
A,W,51.307952914428576,41.0483899930538,34.0320321459828,29.038980121551393,0.9718759511101951,1
C,X,51.69111126948852,80.48673571400364,22.21147646776071,30.275194882746792,0.41169867946089966,1
A,Y,46.67430605516506,37.1682283875869,28.828374976681527,43.61638033731162,0.44814362522942186,1
B,Y,64.39082917851961,20.72148214439682,31.394530077965964,19.697164565828643,0.6493133951973474,1
D,X,16.189218119772548,15.019238318466543,30.33468492269638,48.875958084003116,0.43655053671534794,1
C,Z,50.142933469848465,15.426750577026827,40.13273474942477,36.2322949558986,0.6036022886436512,0
A,Z,36.59226173131384,81.43820453858244,38.51588135561063,12.023740580630946,0.025446629729625747,0
A,Y,63.53227748212451,15.453314465102109,26.701307368297584,46.59877530406721,0.913344099543991,0
A,X,39.933944998449945,38.92894155860247,31.082806759221203,22.706938182650596,0.787821857815412,1
A,Z,61.24118217698923,26.155753096167867,18.35415805191875,36.11565028607595,0.44460446334043957,0
D,W,39.313590449846885,18.160219350952676,36.26364959756729,49.0482037188204,0.7261182587687779,0
A,X,46.621611754070855,4.703941454670657,27.346802524844755,44.39818814807176,0.9963050106481497,1
D,W,46.75605749327635,18.675484875309944,27.359337617780632,35.44828931683562,0.16661283066315313,0
D,Y,53.667670222222725,28.127394561666254,26.98967717162516,42.474849615697984,0.058111893299504946,1
B,Z,63.353172654621005,96.34147717307859,27.369222924508392,28.69445265402032,0.5355199306857611,0
C,Y,57.020950224589264,32.79405001890009,36.75507876026584,10.454128710456247,0.8711997305958553,0
D,X,51.01765979307039,72.1516077155739,24.2313000337646,25.22968570079833,0.5047736217092259,0
D,X,51.87790419898305,55.151280585503024,24.187965945029237,39.882180596954456,0.3028871471616611,0
B,Y,53.63054150408455,67.74516515333879,28.288974014995215,28.596819870091625,0.8657026991604828,0
B,W,40.33464338153918,33.0288883211583,32.38722787262729,29.456948761425483,0.4451963199167148,0
A,Y,56.4283297766435,49.19608241651573,36.52303866496198,48.74177331580792,0.31780687173499467,1
B,W,39.76718410256022,52.44813047365009,22.882512156541864,23.79720128662506,0.9267921537209417,0
C,Y,49.884851867013126,11.031817981598069,33.79568488430245,33.313677445004686,0.24656537699595527,0
C,W,57.03110950322806,1.6309376811338705,36.63744746604158,24.266003889857735,0.08614155602149454,1
A,X,40.97146073894123,11.20284660467915,29.206337392603125,11.000500245098412,0.16887983696973374,0
A,Z,47.84329874018428,72.83083907283752,29.07429716690014,28.467379200541668,0.8898126300253888,0
B,X,49.89453121611104,57.871381147697875,27.144047512594383,45.03994778957822,0.29299344758391843,1
A,W,37.796738960483026,27.82940400040157,36.5488486901084,12.306951081036797,0.642758459245918,0
D,Y,45.23610380120889,40.549834939091966,29.573784677393732,31.627771636426772,0.9216785373127968,0
D,W,64.80754769436567,59.33404326406306,26.75767602467722,12.859258624855077,0.9481174977329735,0
A,Z,53.059570998119085,25.635213289657234,26.42137004222788,32.30225691241411,0.3362973614289747,0
A,X,41.441851178317116,3.6345174759873644,26.807627903104798,40.53560989889286,0.9443259910442277,1
A,W,58.606771461688076,84.68963659296867,29.95541327974412,44.372564440178884,0.541973488655344,1
A,W,54.17259005476444,16.33224029452708,31.733011911711923,48.65667761286939,0.791137133238082,1
A,X,51.742099071538,10.561927395060122,25.538456745871326,34.365072903503844,0.324767895300729,0
B,Y,55.15952278156258,18.105149280991995,34.948971345797844,41.95508172624726,0.6751766992604421,0
A,X,52.15481034594694,46.019606186428184,28.661527804426377,28.228817814748822,0.15614549969410374,1
A,W,55.01054026310551,92.85682441588962,24.89287565997819,18.659456816971876,0.08514939490741269,1
D,W,49.316366667622276,71.90769859348119,38.09349538481797,39.14300256785087,0.28212896700809187,0
C,W,62.14340495347397,67.67238059338945,27.24963471093199,37.84612122405102,0.8196446242230468,0
B,W,45.2906356948483,69.40349372761301,23.85927953850688,12.667858122521384,0.30069471367262957,0
A,W,57.56498255014104,94.19604575058175,19.567192881167152,32.716082671987216,0.2228094967686609,0
A,Z,29.726101482463957,23.285046146125833,36.81594925141822,22.952118263376036,0.30614595399101907,0
A,W,58.571673049447405,71.59838455301724,36.602192484883155,24.64402913809481,0.48730645395638605,0
B,Y,60.142933446725515,12.394318145966709,28.344523659575888,33.42471809108535,0.2317424434345926,1
B,Y,47.26960527461715,22.0223399017634,27.109051456851223,25.485011100596935,0.683503457676075,0
C,Z,45.13508579806588,6.371172561646321,38.875241487623704,39.17416059753471,0.4212487855831858,1
B,Z,24.73780170575294,90.52160881740522,23.888811964700647,37.446226434030365,0.6170815330661771,1
C,Y,62.4128430708947,13.235326528423963,23.94262162979417,30.52807842251,0.06373822484582636,0
C,Y,42.32969818152391,3.1532623587525843,27.887810613502786,37.72922303336216,0.9882995657208783,1
C,Z,40.13931202076823,93.5353864917819,25.373002243662278,11.17472995272423,0.08831468934374798,1
B,Y,48.283970870418635,34.39301716623778,34.72494619146531,43.41184587365924,0.06995698511584503,0
D,Y,65.61365574617459,19.602826629598503,28.31157518247956,33.15717327994058,0.6236629353886464,0
D,Y,59.24910983919725,61.73489435769003,37.40163436187146,15.336328263199018,0.29856813346361943,1
B,Z,62.09408698978723,85.40046113701038,18.814602316197675,44.93945032258385,0.8455269757272894,1
B,X,45.07783647069358,59.06204463118758,25.806915590931197,19.43225566660123,0.8189449509271086,1
C,W,49.4956037324036,32.43891984157485,23.888669977921168,25.695988123540737,0.8833066280407906,0
B,X,63.664957706024964,65.15037585807123,29.334363119824577,13.9419162975388,0.8263392952346764,1
B,Z,47.36596029113145,23.967571529222987,31.815059840446647,49.04167880905222,0.47123113890740587,0
A,Z,60.66656031912712,88.96991985454802,28.075905079474435,46.23628839498069,0.9612192273367169,0
A,Y,51.962028797968294,38.68129494421487,34.24200110420551,35.52122213119571,0.34527455475439894,1
C,Z,52.48296818921911,95.79162241096455,29.225677417692108,34.111820910879125,0.32798467044927204,0
C,W,47.09184252813298,53.27965680152603,33.21067336765613,36.22300817486679,0.021748280474724102,0
B,X,42.19233829058889,18.984431654373424,33.344109107496195,25.394970800800955,0.26880699358953,1
D,X,47.308150557192064,17.2433930909355,25.522822085625855,32.233766100762296,0.2499326304002547,0
D,Z,65.86532859987616,17.52522165468561,32.16571249605451,29.071656469153304,0.6999823581567944,0
B,Z,33.76767084741175,37.83394044489552,31.929994286135834,34.148237795600096,0.6600035751781291,1
A,W,55.456655167760836,7.633022966471392,32.41684257385526,32.84918089869061,0.1295390131027625,0
D,X,48.663074052688465,41.44096259554545,30.41006377796099,41.18718032570763,0.1735354529713815,1
A,Y,51.6251674140901,85.24073375472425,28.546978802198634,25.718860426679058,0.4983032933734879,1
B,W,53.715934706078514,69.25905847666546,33.682051795782,46.391034208465385,0.9381834976483125,1
B,Z,44.34151051638966,36.70781434390998,24.28736382460841,11.903665666179064,0.6802034376426465,0
A,W,54.23234802019616,14.754297578204756,28.27735361226539,11.326332866838907,0.9150009668448085,0
D,X,16.411068702795056,23.386351559087583,29.38566923867917,24.756696463030824,0.09732613778784871,1
C,Y,36.74106029323489,12.67435872416851,32.70779801229356,30.6043819174166,0.637221547425843,1
A,X,39.86420252331959,15.87198356773617,36.005591714340525,18.704681575101397,0.9873885908227018,0
D,Y,55.88970236750284,6.357689444902248,27.33435443031672,27.98402518127085,0.6300481523446934,0
C,Y,46.64897904348939,28.404155750363547,30.748536112471193,25.262448516074592,0.8323506313126348,0
C,W,51.24080719622712,43.48785290533158,32.518225054587845,13.232998825636408,0.6571337681090229,0
C,Z,44.65596049617546,2.661058491887769,35.75623292890246,44.41085773343377,0.05428820879349683,0
A,X,45.54912788201232,53.06272361965292,42.57429785037617,46.77458743426452,0.5484312661626402,0
B,Y,46.934803513179745,55.83957450659929,27.20516781299655,20.81001644759517,0.8894975081751825,1
C,Y,50.5645367416145,14.772076064386086,19.48427073409325,31.359799594751713,0.5548223437637035,1
C,W,33.59912999194232,55.857499382101075,29.203850371152235,38.64076708782549,0.29256637947125097,0
A,X,44.83169890922257,8.06475146310257,23.017998362801155,10.173281131443584,0.11200844626652928,0
D,Y,50.79257193391387,96.42283462361092,26.99940302532782,26.059206561352397,0.3960177600248074,0
B,Z,51.70759347066025,48.69785591939959,27.81813213640361,13.765220151844822,0.8539866599535041,1
A,W,59.70358169946779,68.5085641875304,28.710064622468295,13.972726516786675,0.8635856405987592,0
A,Z,53.16530896625202,32.66821695575853,35.03739820919362,22.133830766012853,0.3636853606675191,1
A,X,39.77206090021599,94.25381661209006,28.322103659270322,11.441018283524794,0.5496092608114391,1
B,Y,66.01907101734035,26.590789180691633,32.4361160935968,44.330589473142254,0.589084684940308,1
D,X,68.78397745652882,3.3906230144209792,36.56420925155829,15.749948721326259,0.05478695158379798,0
D,Y,46.519802798595876,93.49976740984992,37.86348614825212,39.748369409902196,0.20108902143151808,0
C,Y,45.31048954589176,61.40580103552578,29.57850014138794,26.466277690268186,0.019759894775758347,0
D,X,64.48708250531587,79.91899101183407,34.066249165218956,28.670484348478148,0.9201784396283602,1
C,Y,66.71003378746647,37.50111130421284,35.251545885202546,11.164755915353414,0.39472931312134063,0
D,Z,41.76069479477384,46.976762141306196,29.87440263432416,21.11549157501814,0.8048011010168429,0
B,X,39.93492523537157,35.70784075237775,33.55872764623843,30.328032897962384,0.802478156644701,0
C,W,58.53654495014298,9.458406005581432,30.97093639914208,36.90094085329821,0.616893734974403,0
C,Z,31.107652029494094,72.5356874509626,30.325404970724485,45.98770597037961,0.7850292315880272,1
B,W,57.51488696951158,81.25787144596444,23.98581089998236,29.85292585887666,0.18736750960059867,0
A,Y,39.05071651553667,41.57628604271611,32.617143326336304,21.171413741278112,0.05670571649530898,0
C,X,60.071428375215326,28.078390653062925,32.24635233030204,22.94558026152845,0.17615633851807933,0
D,W,31.68339385124802,27.395296198448772,34.119069719507365,40.10611698661624,0.5656047625630616,1
A,W,72.55121089536135,96.77647648316172,27.185088623726035,35.18670659426665,0.8970672634852135,1
D,W,43.97393306682175,10.341272042788995,22.61411086435407,11.97286664526153,0.10457339457076464,0
D,X,56.34265889674765,91.31432516265812,26.5834456723923,49.388135967768164,0.705033598851009,0
B,Z,52.326651430124954,6.268458925001741,38.10061258505115,18.14728806526429,0.6926594218601504,1
D,W,34.1211325473484,94.39084265533769,35.54249619880759,17.599510491147402,0.9998218607397807,1
D,Z,45.902620272371905,75.65443839418724,32.98909207121547,18.678738158104395,0.8463387950455747,1
D,W,39.73664798336175,9.69632907221708,24.356414449396773,15.27230817031044,0.3626906406656166,1
A,Z,50.5465068872657,69.29592916347855,26.71761037131407,23.763879401594505,0.4297508819749165,1
C,X,46.17487708069006,81.38406652551092,29.088377081830004,43.77301699550437,0.4678729616046987,1
C,Y,50.301790548819405,3.0534080900553984,36.22314639384726,40.98206217242033,0.676296968099867,0
D,Z,62.038261443757754,45.40211021232462,35.80296749700851,35.459294414540565,0.541084753857143,1
C,X,47.527661765191375,79.95146868346261,27.88815119837863,45.305944866132315,0.9765126438547557,0
B,Y,43.619796721464134,22.98048352398281,25.264236154340267,49.625839426284905,0.7041100614234757,0
B,X,48.45719613356144,94.11947234627135,34.47850673229408,18.04482984169349,0.29114248837732026,1
B,Y,47.406454231380394,80.5163219845663,35.947505931858366,42.59773049871354,0.9507782379557195,1
A,Z,58.73538528353864,1.6055591754449705,22.269555159807013,26.7806480849962,0.6472338854594801,0
D,W,55.45226176093896,52.81773162873431,29.89856205378581,46.48011316000373,0.735924370874435,1
A,Y,50.64241562814009,98.48188677511752,26.366549769187355,46.362662105866136,0.5244901726318998,0
B,W,30.274199406182227,30.052881082810956,25.774607905318362,28.324474864681626,0.341918542247186,0
B,Y,64.6667816143852,25.09212059383078,32.20291777226031,35.66431440135361,0.003998096289756781,1
C,W,52.94092123562346,11.677016324356437,34.61781539806538,44.026552174531474,0.8028551720697696,0
C,Y,56.43485959696716,6.823809876887232,34.63166101145229,28.466205773181304,0.9354458677967958,1
D,W,61.478810516620584,94.7199987093583,33.04716589432928,26.215367710789252,0.9554596619947661,0
B,W,55.738232727798575,1.4770743400055353,21.908815101337872,13.575884981807146,0.2953646324031808,1
A,X,44.19621934794205,47.62440220119789,24.698364494329965,30.45613285141627,0.345212015584767,0
C,Y,45.49125888873171,25.506692250001983,35.80277365431463,17.381386518733937,0.6287587790993401,0
C,W,29.215453452889903,24.592369841534246,35.97727276467624,49.04833937404335,0.18520561377049438,1
B,Z,43.91994027841214,49.3734560881417,17.693951664640217,39.975421502888835,0.6723938883419979,0
A,X,60.771051111854675,49.67144064216809,26.86197957626984,40.84240591159397,0.3651100720674132,0
B,Y,40.48956083590624,28.543085262376355,37.24335954767159,28.846895762230798,0.36789247939485603,0
C,W,48.08128658927419,41.59850472425647,27.21793463749445,46.62381044246882,0.5793709445770563,1
B,W,39.945649973710786,4.938391766629902,39.544205638276466,31.55148028076155,0.9126926453128649,1
B,Z,43.15770059275357,55.89291712191656,30.40303056107657,10.523213656064897,0.31958830838273866,0
C,W,50.227434361724775,56.687942889073604,34.48094004173302,10.643064686322013,0.6074218799734065,0
A,Z,55.06644259356907,42.26910475036135,26.255658731342113,25.66179695684832,0.22079070739735718,0
C,Y,49.758940575961645,11.441561197391348,40.56601999178963,43.85392932986251,0.7784477772517532,1
D,Z,40.68959307363366,2.1516039239412144,28.880248312891748,21.355127891519558,0.9790364270477221,1
B,Y,48.56765519800687,98.95659527371969,26.64795993525152,31.36516312057969,0.12348805063359292,0
C,W,47.419332937172214,56.22140199616359,31.156831008096376,15.86596451604458,0.6498636522992339,1
B,X,62.316817872748246,30.826119183434987,37.960070598379474,47.15584379818454,0.46048851616363784,0
B,Y,60.9550961344201,2.998545921031426,34.841019785725564,10.507616145515811,0.16414335480630027,1
B,Z,47.637286002133116,24.375029033075833,32.55856284604042,37.03734636212845,0.3719587982632131,0
C,X,59.14368839976248,43.60909638560955,25.162248067692413,43.59129964155452,0.6173023083388242,0
D,W,44.91716879842054,42.55526195718966,38.11739852171424,47.539912740874975,0.06858877498414573,0
A,X,51.55171697059098,4.415014028093722,30.215666085435014,32.157055108253516,0.8002243981643219,0
C,Z,35.09876601602771,72.86999843814813,39.35876920927594,24.724988156116915,0.14999670789716613,0
B,W,51.895272537682395,84.30458255155322,37.48227356271715,23.837870430913185,0.6821617985305095,1
C,Y,54.304367494996384,17.62562306448524,25.70328602663615,17.843105065802597,0.9305604718411136,0
A,Y,47.94482357006223,1.2627018878075602,23.637798728525805,23.430593228193437,0.799768393643078,1
B,X,50.02793451392937,37.531523789411715,29.528940930017924,39.573957301971255,0.4611394716182322,0
B,W,48.17020276680984,22.082337745007674,23.85426631167693,19.696274461828285,0.34790771407759236,1
A,W,52.04362255133332,59.57662135932785,30.06805849158493,22.99014018216382,0.7438612787140847,0
C,Y,55.37766882749422,69.74120555396354,27.815914141960114,35.729287459798876,0.4280026806783809,0
C,Z,41.961912625288406,90.64149342146868,38.590282738786776,26.49776832129319,0.9611078647428569,0
C,X,37.20562307268151,71.37789024453542,28.655858179363733,40.444126392835024,0.02497417587410411,1
A,W,37.452429901991046,37.82377494103214,23.373479475694058,32.67221505309731,0.38242125067195476,0
A,Y,58.264776919927336,49.504691441056636,33.76419391614248,13.873491511009139,0.22222446863140632,0
A,Z,36.193508985651675,32.37590885482848,21.82810769767478,20.231242882091074,0.6579028314919052,1
A,W,39.940943343010304,37.59377786096788,36.7747773493582,33.04515446367731,0.48080344328688507,1
D,Y,61.04782600210261,0.7870469060589746,28.613555800711687,11.797246017502655,0.2520110286661059,1
D,W,45.86479973606363,2.5563716218680255,17.837212245413795,45.28612741223428,0.3146146140497986,1
A,Z,49.212613988593425,93.90578339311857,39.32842207414006,34.940542904762125,0.549432733199567,0
B,Y,51.565571876637705,91.3668504554371,23.793386222718382,29.185454391419672,0.9970400749543662,0
B,Y,51.77207621742688,59.614524774127474,24.13077068462644,49.40020374025623,0.4314691409772884,0
C,Z,49.72504631723684,91.31437898251392,37.047501286434276,15.846335374207946,0.587283498291913,0
A,Y,40.2442846371096,79.33393298768446,26.118549351195433,44.595372251913695,0.24610564709912774,0
A,Y,48.04069426678615,13.55286991500828,30.344018387036208,11.03318133325811,0.4522661606610502,0
C,W,53.202451867996444,53.643381393773694,22.928701998156193,29.730366391476963,0.9471718965481088,0
D,X,62.54860412057165,43.83870384868246,32.159579325461294,41.441527606647284,0.16776702855084857,0
B,W,54.31512870596295,72.16978708615714,27.58706325289768,18.587172470937432,0.35393479438834974,0
B,Z,43.642840691938716,77.47010348298528,31.220250300208345,18.209898765697304,0.40998711627454754,1
C,W,57.69244368711308,11.078406619295533,29.28162783844644,30.954329734720545,0.666253460136391,1
C,Y,52.3080560164533,94.53527043499959,32.39475212746952,22.63506654283195,0.1938285827424756,0
D,X,43.36694280212993,25.087576886676764,27.06901801005799,23.84409382583927,0.09527552138864148,1
D,Z,62.5927070347987,67.89215955166709,32.65383450005067,49.20802812732425,0.5123962143007202,1
B,W,60.537858003468614,66.50741149251797,34.976509971576945,40.57222756005062,0.4684134993068757,1
A,Z,62.937089778631496,48.382464051610675,36.67456270679571,12.267927823818777,0.8036081151802602,0
B,X,58.41226906062795,29.331698686843744,31.65182558862597,25.352127431481662,0.9268155883477806,0
B,X,68.92199732487741,46.08797868385424,34.61254978831671,35.55812338902868,0.7140920546066531,0
A,W,62.90235066087952,11.627601093207273,30.993487662125133,16.86627586479792,0.4908666752195531,1
C,X,41.07453164243728,20.874126438813224,32.816567994297884,48.53868892545175,0.4859830924345737,1
C,Y,49.99916433478418,9.378465320807761,33.59239395567847,20.20352350785553,0.05409045255707834,0
D,W,46.49640219023576,66.62237390338885,28.944492648240555,22.451445633694007,0.7643379004463153,1
D,Y,58.080126785533224,6.000621058140821,22.670162615754094,40.30207741385795,0.028160318374829685,0
C,Y,48.37587497350999,43.713052751887815,38.357284172149235,29.209198748352616,0.7608074186655428,0
D,Z,51.51710170601509,19.04152139338131,29.7624046064658,41.46561442312397,0.10896015340203735,0
B,W,66.70749503795143,13.838353306754648,21.068302439025608,21.18169355736853,0.07534454779439681,1
D,Y,53.83018641668639,49.94165405849714,24.68365837134551,16.10446549589478,0.5585835020326819,1
A,Z,36.12869146405884,65.60608296502852,30.925146985491683,25.132833543397467,0.3691354002566041,1
A,W,30.90661474802134,43.0375934379149,30.789006991095366,34.01635619154673,0.3451568953261761,0
B,X,43.4818153778974,10.888322195867373,33.04423562452367,15.216852708454148,0.06684924971756323,1
C,Z,66.25456366031034,1.5844700995328753,27.133323550314778,14.242482899805143,0.9250898724094172,1
C,Z,43.588606541584575,31.683470873666288,36.62473314239523,27.01686360555723,0.6234533443723655,0
B,Y,57.43257923826396,56.36642843922046,29.784982064314757,38.99493914762523,0.7857386983081858,1
B,W,29.73842227418634,86.33040659859147,29.96986628243502,47.26990124660461,0.4941452053053539,1
A,Z,43.80096241558231,79.05473135962553,33.70847027972556,14.00482812289004,0.4458846945958671,1
A,Z,57.0263387546421,11.475033551918834,30.749646025190774,25.06298077553389,0.33936847582055296,0
B,Z,54.495297706483235,27.364924760906973,39.79866316998517,31.780783071505248,0.38237650196383055,0
B,Y,54.42899624456423,51.473901428152104,26.075817838269224,14.544148771125535,0.979211736854353,0
B,X,65.01251138569205,86.58363440121207,31.22384318150699,33.05795823979659,0.7775443954074268,1
C,W,59.337660657036,45.56088222553192,26.390728302999563,15.898997189769549,0.11758560532516615,0
B,X,43.296840665139,92.61362109413867,33.94560590618416,13.611746730206002,0.9970535415382822,1
D,W,52.55200398134303,68.97519634725714,24.66425119902599,18.585021998599572,0.08730032074726002,0
C,X,42.277664039723916,69.94194919127156,41.81991375763402,33.32922109462679,0.32184190901028054,0
D,X,53.65338151001078,75.47537023294778,31.119704827247485,39.573221262313545,0.4975764712184584,0
D,X,39.85272378853511,61.602217153228864,32.78835054144254,34.88189109819718,0.31477950237030883,0
A,Z,56.208477277824315,39.110315005883635,24.475109352140326,36.289532507527056,0.871618285556862,1
B,W,59.451513716965636,87.53348453046189,32.48717353645167,39.43130440549719,0.07499375667401587,1
A,X,51.355647862575964,42.50502388395023,31.937029489916636,49.09801939069827,0.7359188238057341,1
A,Z,43.82138665367848,39.35041586418125,26.003487977567648,42.825530416017855,0.8585795312815736,1
A,Z,38.161016265410964,16.926960122213085,22.814071945568912,46.198380060434864,0.1780998802058733,0
C,Y,59.65155669212551,42.17113330145117,40.66619840489935,39.82621471257604,0.5671447244250569,1
B,Z,49.36714779474974,8.408547411682953,28.117735679823433,22.225125962269612,0.3411702622667252,1
D,W,40.88747819294416,4.442946045332674,32.293102145604124,41.17023859822041,0.18806993286165885,1
C,W,45.19480016016733,14.803230732165973,17.72151679854386,34.5512171595262,0.9561118568961875,0
A,Z,55.80214525330497,15.329964345231307,35.37643114923277,15.340167909660781,0.47398687245843807,1
A,Z,30.441662342895405,76.29265157938862,38.35859679502852,40.86611312689603,0.16308020467083495,1
A,Z,42.22797820675026,96.73755679618294,31.759051534012183,38.84522121181506,0.8274572197079023,1
C,X,42.01295330882792,61.727320681947916,26.203589139244052,42.60683350481471,0.7111289109254699,0
A,X,33.8380109885819,88.46295054807175,38.411550591399674,19.05039785322003,0.8157812035153189,1
C,X,57.37803619455568,39.06511903898018,28.670181535952494,25.338533822309923,0.5485530539327442,1
D,Z,74.92130816817696,66.50175082670788,27.162356064343125,13.177691928880183,0.5023945749446889,1
A,Y,38.39542168863264,95.8848890950483,34.031978701595136,27.313401690297955,0.9070517724027795,0
C,X,61.81112209993888,80.01918929509276,28.80477946543174,24.962896025479058,0.5213474681442217,0
D,Z,45.51428048583766,4.841560122387156,30.253152639996188,21.39676547389484,0.45994721572967123,0
D,Z,63.82071196564241,33.0248131262883,20.25731628444803,10.922903226884948,0.6363537925979073,0
B,X,26.457059063763218,83.14583426396062,31.71331231489416,20.58116068412192,0.9369757011139339,0
D,Y,50.0345833757492,46.53869245989577,34.530687009839525,49.002020880334676,0.07846157105714091,1
B,Z,44.60452926892384,31.59908553532407,30.440633583387815,45.194336803704076,0.06596118420055475,1
B,Y,57.87637501766672,61.24770128516822,25.194873233194958,25.58226586857476,0.797117313318614,1
A,Z,48.20657684313118,8.434370270693869,20.275403840633977,44.14775861063838,0.19204169613896027,0
D,W,61.69204490807118,69.58531945185663,20.62792308133053,36.844096114480884,0.4872414283823202,1
A,X,55.369395492791,44.78541297890614,31.195730364423355,32.3608325049715,0.20943576679507547,0
D,W,41.46251128189002,75.4213502334823,30.97071227812352,39.02658446673355,0.6512477973501178,1
A,Y,61.594635920189944,80.71608018313593,23.91933051902192,40.08971675641528,0.6799424964869962,0
D,Z,48.3228245944023,59.00140139284639,33.581076446689416,23.046344862050038,0.41340918481164035,1
C,Z,62.14156727499057,1.600666937207862,33.37573011932916,48.73474341958962,0.9415845264865512,0
A,Y,37.94349925046827,88.63633153983044,38.47700890997844,12.38076908301971,0.9549823414731948,0
B,Z,41.281546921198306,40.0045097852872,27.218207722328327,42.540762491398475,0.5649136711448995,1
A,Z,48.59979781253779,69.20746275879026,32.17911770078174,23.373102830204676,0.20668727383474117,0
A,W,45.52562355595904,65.6942283673414,27.51370498676983,46.25531244815108,0.4524324612801869,1
D,W,57.6112539742778,82.20682807300446,30.388789317543452,49.607045465202454,0.9661726556672713,0
D,W,55.89872519467083,90.70572788386048,29.718461207789453,24.85419688440961,0.7859208723178909,1
C,Z,45.67422021194551,22.342051995028978,28.975635838990737,18.986683381509494,0.06414510011829766,1
B,X,54.71749567094188,51.9153090118621,28.41966647399955,15.626361945514216,0.8460267979555399,1
C,Y,47.81224973263716,69.95372765434453,31.030011235545917,17.25299385678293,0.16467634422457877,0
B,Z,58.52315065671165,51.193585771367125,39.56595218998093,27.03019496732282,0.6004997775708688,0
A,Y,49.11722003294627,6.386980557831922,33.70752638058484,42.84726807744337,0.1962271248456111,0
B,Y,56.97687113978557,94.1244097285598,30.940421562204417,21.482325467538814,0.779572863526684,1
D,Y,51.31697654274698,99.23885742252901,25.579181865819415,37.19011563027111,0.2766016325152585,1
B,X,47.66373714470005,83.32075175194524,32.34521102187029,11.78125961893734,0.44806381171125464,0
C,X,55.083408144557765,43.5508197725903,25.399484388371476,22.680037858237036,0.07466673789276435,0
D,X,53.15412018180563,97.73956576422823,27.239686658957048,36.33841897146746,0.6512471160804483,1
B,X,61.54125501968649,45.092253430860765,27.153380277585498,23.96347015600149,0.1642144074574723,0
A,Z,61.41664164089085,55.10027438205479,37.99220836542306,16.292403175935565,0.3716640195525207,1
C,Y,36.327042146120135,0.6302524292793654,34.85885452931289,32.03233464972513,0.5508642693324023,0
D,W,30.11748194680808,88.19895363354784,28.13250075308645,14.069536239774783,0.7549882870130973,0
D,Z,48.508792570946696,27.62557264187612,25.534517502988308,36.18580320598279,0.3675953365564819,1
A,Y,35.33116564478348,74.70293116012942,31.670961264432563,41.320033254895584,0.12488956493674319,0
B,W,51.54851672326684,15.487353837112671,35.684956485288794,28.76821361210224,0.4944787812170426,0
D,Y,53.61789001167877,74.91940785480874,26.821935952402423,18.36153932336409,0.6246958265511056,0
C,W,54.377432933260295,70.07041971289684,26.24286943690917,42.78941742043152,0.012255559867431765,1
A,X,53.79577006439344,93.59643683949486,32.76274407147398,37.94632631713503,0.10477022957982973,0
C,Z,63.86175268421595,30.301474573994625,42.97564359633124,15.100823572517154,0.5678334186521128,1
B,Z,44.051197453516224,69.0702377193139,26.803004888202317,12.26734573497566,0.5548559702511882,1
B,Y,55.66479437988501,25.614962457656976,39.443099843827,32.358749000941415,0.8567149362015134,1
A,Y,43.495505075851035,36.0741773836015,29.365468237459993,44.10473839086483,0.1866087532734778,1
B,Y,53.710752563225334,92.31415517456162,34.60012751767819,34.276623015372024,0.43593905585459714,0
B,X,51.520272580923155,70.42925338218538,25.483052755753235,24.299187089296858,0.17374296519669763,0
D,Y,55.17384089313643,15.960860348033956,24.93522506174443,19.938325370643156,0.7266041779272243,0
B,X,61.738617211934155,66.37394304088019,26.485003162931882,21.671187185531068,0.008462877276362635,0
D,W,45.630634550448505,67.12684612482491,18.487271905039783,45.77486080140629,0.12871741370280887,0
D,Y,60.85997832160292,96.08624133457883,37.4869483264275,24.592108024229343,0.8354816844925141,1
D,W,44.912433470119566,90.77394715756307,23.52441565539026,23.632303637187494,0.2596531572647144,1
B,X,45.21900136630109,67.49945040144226,31.467353695671342,11.953991151551895,0.9975225999747228,1
C,W,33.59905483725797,65.21171114121746,30.020911091983855,22.887790574883713,0.8665243333886417,1
C,Y,31.612351918452127,9.158801506015845,24.75217128271186,46.94276604593598,0.25766306859360255,0
A,X,66.48767118968857,34.222447316737814,39.51128812223577,18.728973868729277,0.3765746838363584,0
D,X,58.81509830326383,34.441492550101636,27.00920781460485,14.300709957548282,0.4557815697214619,1
C,Z,42.18430256908772,4.627575981202514,32.70166443265539,24.954802135340472,0.7095908274904241,0
C,W,45.679722246133664,65.96013187544833,33.60900180660167,29.281331678691913,0.2671295573876633,1
D,Z,42.64358367639025,43.114324550709945,29.82844608488614,18.22325850196006,0.5198198796428286,1
C,X,44.61714939594448,94.42721722234054,30.339785226502233,46.91924371134582,0.4322090335435276,1
C,X,47.397114218401356,28.385326193158665,27.186417202061115,42.48461521242454,0.4837069230614631,1
D,W,49.55887023059013,99.27902904284389,26.78494752803519,10.972372237423551,0.27967195404870326,0
D,Y,39.075526300785384,43.82513817006989,35.44811563365933,22.086125612651877,0.01524953391385997,0
A,X,40.404981029330514,29.262237698619707,23.062272511646626,41.99807189403241,0.5653626606597671,0
A,X,51.732992955456226,67.45001936584035,39.83259396451129,34.74287575963096,0.09825437633833067,0
A,X,49.00962628727034,16.28261847454594,35.13505798311569,37.29683056494156,0.1843888465033331,0
C,Z,51.6634733364491,23.166983530315044,25.732626577593038,40.87784889919546,0.9545422415311128,1
A,Y,65.97695483828261,19.9748462041049,32.61684236750824,47.07254479881729,0.5357761182734557,0
C,X,50.98543540974624,1.8047795181337034,26.77742414936213,10.449392652014264,0.9164355711177379,0
C,X,60.009280171690534,97.13719429062694,27.892813134179512,15.356483771237968,0.04823071225293962,0
B,Z,64.06973258622168,56.24229860465337,34.67001399127769,38.83344750825456,0.18822950908037672,1
A,W,52.56156125189496,91.69003885446692,20.990523948938137,27.217506020203427,0.8034453125084677,0
B,W,49.98382158560243,12.87603933267154,29.01743765379522,17.42361407263433,0.11936952433996662,1
C,Z,48.14490677152993,60.238787831413134,31.68488218406662,32.060452291285934,0.5972147182505755,1
A,X,64.06617204677053,13.323978121710134,29.361596821245595,30.90923786075055,0.053847724532292585,0
D,Z,59.464625779567875,61.66385557927562,26.425638558167222,21.470954879633503,0.21046334507351383,1
B,W,58.76929639402945,52.52486695048988,29.797926351716956,19.588706809341257,0.9777505082476222,0
D,X,29.410780491611007,35.656932403329634,21.784341945547126,14.332742721427994,0.5582912665556643,0
C,W,66.33321672940002,55.834503999985486,34.31147653459694,24.27199160223847,0.3198409475077656,1
B,W,44.16686059553271,71.62717962772302,31.672927062336083,37.318639696471934,0.8373798292372219,0
C,W,40.59382065723043,6.012509885461581,30.928330941922713,49.64330208118137,0.688073115924388,0
C,X,43.22615657426409,72.65733036284537,41.3995666718273,15.572810036757865,0.24338212818192217,0
D,Z,53.23066922478917,55.86564363534951,33.34825021070416,31.54244845777487,0.19977811927538203,1
A,W,47.36942702974968,20.63404142960915,30.285436427656727,25.378731891775782,0.6420716234707539,0
D,X,55.98007118008576,22.897539009425593,32.843913552132626,48.10867095218366,0.10392960472892565,1
A,Y,42.17943927376287,74.2853630058985,24.96146935929458,23.095160516875207,0.7653115200801761,0
D,X,58.36638091383413,36.541439564725785,26.49759578003875,37.282226906357,0.1021448500383968,0
D,X,43.99609870652539,5.198840203856625,29.747965285766544,36.314742635348466,0.46644738349493975,0
C,W,36.90616250830507,12.30853724289287,25.170532972364775,21.392060887116013,0.03281557265265567,1
B,X,49.226292739824665,80.55198978689113,29.034414442412853,49.21649202996561,0.2241702664967301,1
D,W,33.669895361256785,49.02144258765075,38.067605484103,28.057502412191795,0.05552201847320626,0
B,W,40.249318604897326,62.8455632403279,37.83764328188138,21.54411271078888,0.8571257323487617,0
A,X,25.439424765307834,65.66012601069268,20.45221811825678,49.72903543131045,0.2767892065068883,1
C,Z,59.60417633801491,35.20157230240244,25.628270385076604,47.8734911584636,0.3195473508453095,1
B,Y,49.705979480289244,37.926594951308815,35.66818415961883,35.33002223758181,0.2519999858865899,1
A,Y,37.94882730181094,71.098728592275,21.60864530090047,22.369711838471474,0.8460289278090022,0
D,Z,47.67748604687365,61.7560186337041,29.267987961987696,38.9154727221468,0.6617472878291065,0
C,W,35.54982955889842,95.58118416711666,15.700712426214524,10.380578050883273,0.49385317835148723,1
B,W,59.49334922126984,59.95285273339793,35.74945207536249,47.77292567607817,0.17266861837429592,0
B,X,33.096633359945216,50.63346994349472,39.22070949599929,39.132265752131325,0.7850767532032535,0
B,Z,51.960240472731414,99.25769099429894,26.662246684406643,12.797658661170432,0.5792414436198674,1
C,Y,38.00257348357725,93.80443673538332,31.763291675165043,24.51765974876574,0.1131793296732787,0
C,Y,40.54553679492403,98.4914742275272,27.2575695780178,34.8515941288854,0.006909006892513725,0
D,X,45.148080235678975,97.37937892007692,30.214008975758052,28.933904608536206,0.26127778045138106,0
B,Z,50.04479388610838,31.353663614074634,33.28085577151282,31.885053272520793,0.8448879644041326,1
D,Y,58.21331725907311,55.82178016606753,38.87381324016342,26.907459414136348,0.752376290617538,0
A,X,61.969249740385344,11.159461171521379,31.661160484167496,33.966125772697566,0.8650067690907295,0
D,Z,54.01256149915823,16.518528952956235,35.75063813845311,35.70415938028442,0.07602505064980247,1
B,Y,47.66589109151703,39.223656924976424,39.3404465601167,29.819129554343657,0.22019267100074935,1
D,W,53.33989231031,69.60204322715958,29.60799157888924,31.822211989442565,0.03125970153810542,0
B,Z,40.4617122944868,60.13737781346761,25.903666945053274,28.343165971580696,0.8053922896343522,1
C,X,48.05256501168595,73.11567461094478,38.19354692960983,25.028990306794505,0.9036627476255231,1
C,Y,53.86620863959607,49.62167165950019,36.330776575444304,16.51979524679584,0.38484345262514996,0
B,W,58.445434897297474,74.20423476484889,35.769122061574315,19.37266389059831,0.5550858524783027,0
D,Y,57.8153094181587,98.93743930211207,31.36900655008964,27.459306309333755,0.7640872875921366,1
B,Z,51.20841297658653,56.056433943601455,35.79901332815482,25.50047114098319,0.8111515151657355,0
A,X,41.06225508227807,44.66361571794758,30.296477806846312,38.03275246811229,0.5362022617728243,0
